episode,epsilon,moves,return,won,replay_size,loss,rolling_success_100
1,1.0,50,-50.0,False,50,,0.0
2,0.99894,3,-12.0,False,53,,0.0
3,0.99789,50,-50.0,False,103,1.2681666612625122,0.0
4,0.99683,14,-23.0,False,117,0.16870780289173126,0.0
5,0.99578,50,-50.0,False,167,0.4409042000770569,0.0
6,0.99472,50,-50.0,False,217,0.09402360022068024,0.0
7,0.99367,50,-50.0,False,267,0.22813920676708221,0.0
8,0.99261,14,-23.0,False,281,0.33121079206466675,0.0
9,0.99156,3,-12.0,False,284,0.4021305739879608,0.0
10,0.9905,19,-8.0,True,303,0.09291363507509232,0.1
11,0.98944,37,-26.0,True,340,0.10642726719379425,0.18181818181818182
12,0.98839,2,-11.0,False,342,0.41201251745224,0.16666666666666666
13,0.98733,7,4.0,True,349,0.2790015935897827,0.23076923076923078
14,0.98628,13,-22.0,False,362,0.23831093311309814,0.21428571428571427
15,0.98522,44,-53.0,False,406,3.4274423122406006,0.2
16,0.98417,2,-11.0,False,408,0.6384605169296265,0.1875
17,0.98311,50,-50.0,False,458,0.28049370646476746,0.17647058823529413
18,0.98206,13,-22.0,False,471,0.17345014214515686,0.16666666666666666
19,0.981,38,-27.0,True,509,0.43212348222732544,0.21052631578947367
20,0.97994,22,-31.0,False,531,0.5224444270133972,0.2
21,0.97889,49,-38.0,True,580,2.2216386795043945,0.23809523809523808
22,0.97783,20,-29.0,False,600,0.6233304142951965,0.22727272727272727
23,0.97678,5,-14.0,False,605,0.4174002707004547,0.21739130434782608
24,0.97572,17,-26.0,False,622,1.8304660320281982,0.20833333333333334
25,0.97467,8,-17.0,False,630,2.596881866455078,0.2
26,0.97361,32,-21.0,True,662,1.0033584833145142,0.23076923076923078
27,0.97256,50,-50.0,False,712,2.4254937171936035,0.2222222222222222
28,0.9715,32,-41.0,False,744,0.4931774139404297,0.21428571428571427
29,0.97044,27,-16.0,True,771,0.23167645931243896,0.2413793103448276
30,0.96939,50,-50.0,False,821,1.327866554260254,0.23333333333333334
31,0.96833,50,-50.0,False,871,0.129597470164299,0.22580645161290322
32,0.96728,14,-3.0,True,885,0.3185253441333771,0.25
33,0.96622,50,-50.0,False,935,0.2555876672267914,0.24242424242424243
34,0.96517,9,-18.0,False,944,0.4823402762413025,0.23529411764705882
35,0.96411,22,-31.0,False,966,0.12693831324577332,0.22857142857142856
36,0.96306,20,-29.0,False,986,0.1034325659275055,0.2222222222222222
37,0.962,50,-50.0,False,1036,0.1219642236828804,0.21621621621621623
38,0.96094,40,-49.0,False,1076,0.07353109121322632,0.21052631578947367
39,0.95989,50,-50.0,False,1126,0.06962084025144577,0.20512820512820512
40,0.95883,43,-32.0,True,1169,0.03258459270000458,0.225
41,0.95778,13,-22.0,False,1182,0.04038481414318085,0.21951219512195122
42,0.95672,6,-15.0,False,1188,0.02058514580130577,0.21428571428571427
43,0.95567,44,-33.0,True,1232,0.024323666468262672,0.23255813953488372
44,0.95461,3,-12.0,False,1235,0.03187376633286476,0.22727272727272727
45,0.95356,5,-14.0,False,1240,0.03337196260690689,0.2222222222222222
46,0.9525,9,-18.0,False,1249,0.01881983131170273,0.21739130434782608
47,0.95144,50,-50.0,False,1299,0.013719419948756695,0.2127659574468085
48,0.95039,2,-11.0,False,1301,0.022978324443101883,0.20833333333333334
49,0.94933,16,-5.0,True,1317,0.009178463369607925,0.22448979591836735
50,0.94828,50,-50.0,False,1367,0.011978860944509506,0.22
51,0.94722,48,-57.0,False,1415,0.0025353203527629375,0.21568627450980393
52,0.94617,2,-11.0,False,1417,0.0041644759476184845,0.21153846153846154
53,0.94511,8,-17.0,False,1425,0.004353573080152273,0.20754716981132076
54,0.94406,11,-20.0,False,1436,0.007407905533909798,0.2037037037037037
55,0.943,2,-11.0,False,1438,0.010602658614516258,0.2
56,0.94194,2,-11.0,False,1440,0.0013429817045107484,0.19642857142857142
57,0.94089,9,-18.0,False,1449,0.0027645649388432503,0.19298245614035087
58,0.93983,10,1.0,True,1459,0.007542990148067474,0.20689655172413793
59,0.93878,50,-39.0,True,1509,0.0019602319225668907,0.22033898305084745
60,0.93772,15,-24.0,False,1524,0.005360898096114397,0.21666666666666667
61,0.93667,50,-50.0,False,1574,0.003874649526551366,0.21311475409836064
62,0.93561,50,-50.0,False,1624,0.0016660032561048865,0.20967741935483872
63,0.93456,6,-15.0,False,1630,0.0074968053959310055,0.20634920634920634
64,0.9335,50,-50.0,False,1680,0.0018273903988301754,0.203125
65,0.93244,50,-50.0,False,1730,0.004531240556389093,0.2
66,0.93139,14,-3.0,True,1744,0.0042479149997234344,0.21212121212121213
67,0.93033,50,-50.0,False,1794,0.0015402123099192977,0.208955223880597
68,0.92928,50,-50.0,False,1844,0.003315139329060912,0.20588235294117646
69,0.92822,33,-22.0,True,1877,0.002972425427287817,0.21739130434782608
70,0.92717,6,-15.0,False,1883,0.0035907658748328686,0.21428571428571427
71,0.92611,26,-35.0,False,1909,0.003625317011028528,0.2112676056338028
72,0.92506,16,-25.0,False,1925,0.0065968832932412624,0.20833333333333334
73,0.924,27,-16.0,True,1952,0.004407795146107674,0.2191780821917808
74,0.92294,20,-9.0,True,1972,0.0023912980686873198,0.22972972972972974
75,0.92189,12,-21.0,False,1984,0.0046288627199828625,0.22666666666666666
76,0.92083,50,-50.0,False,2034,0.0029266627971082926,0.2236842105263158
77,0.91978,11,-20.0,False,2045,0.005137693136930466,0.22077922077922077
78,0.91872,50,-50.0,False,2095,0.009912536479532719,0.21794871794871795
79,0.91767,6,-15.0,False,2101,0.005020780488848686,0.21518987341772153
80,0.91661,50,-50.0,False,2151,0.0026448415592312813,0.2125
81,0.91556,14,-23.0,False,2165,0.0039011863991618156,0.20987654320987653
82,0.9145,19,-28.0,False,2184,0.00275034224614501,0.2073170731707317
83,0.91344,3,-12.0,False,2187,0.0053672087378799915,0.20481927710843373
84,0.91239,50,-50.0,False,2237,0.006883119232952595,0.20238095238095238
85,0.91133,4,-13.0,False,2241,0.0068239797838032246,0.2
86,0.91028,27,-16.0,True,2268,0.006198865361511707,0.20930232558139536
87,0.90922,23,-32.0,False,2291,0.007595369592308998,0.20689655172413793
88,0.90817,37,-46.0,False,2328,0.004717384465038776,0.20454545454545456
89,0.90711,18,-27.0,False,2346,0.005415198393166065,0.20224719101123595
90,0.90606,23,-12.0,True,2369,0.004177026450634003,0.2111111111111111
91,0.905,2,-11.0,False,2371,0.009777238592505455,0.2087912087912088
92,0.90394,50,-50.0,False,2421,0.003010752145200968,0.20652173913043478
93,0.90289,50,-50.0,False,2471,0.003971918486058712,0.20430107526881722
94,0.90183,24,-33.0,False,2495,0.003520198632031679,0.20212765957446807
95,0.90078,24,-13.0,True,2519,0.006225117947906256,0.21052631578947367
96,0.89972,23,-32.0,False,2542,0.008759904652833939,0.20833333333333334
97,0.89867,5,-14.0,False,2547,0.0036729879211634398,0.20618556701030927
98,0.89761,46,-35.0,True,2593,0.004498139955103397,0.21428571428571427
99,0.89656,50,-50.0,False,2643,0.0007976089837029576,0.21212121212121213
100,0.8955,2,-11.0,False,2645,0.0009259696234948933,0.21
101,0.89444,42,-31.0,True,2687,0.004349474795162678,0.22
102,0.89339,50,-50.0,False,2737,0.010458998382091522,0.22
103,0.89233,48,-57.0,False,2785,0.011601054109632969,0.22
104,0.89128,6,-15.0,False,2791,0.013052714057266712,0.22
105,0.89022,5,-14.0,False,2796,0.004597372375428677,0.22
106,0.88917,12,-21.0,False,2808,0.025302087888121605,0.22
107,0.88811,36,-25.0,True,2844,0.004790835548192263,0.23
108,0.88706,50,-59.0,False,2894,0.028288334608078003,0.23
109,0.886,46,-35.0,True,2940,0.0052788835018873215,0.24
110,0.88494,10,-19.0,False,2950,0.009148303419351578,0.23
111,0.88389,50,-50.0,False,3000,0.016353540122509003,0.22
112,0.88283,50,-50.0,False,3050,0.009278349578380585,0.22
113,0.88178,50,-50.0,False,3100,0.004602089989930391,0.21
114,0.88072,24,-33.0,False,3124,0.0065485271625220776,0.21
115,0.87967,16,-5.0,True,3140,0.006013148929923773,0.22
116,0.87861,29,-18.0,True,3169,0.005348426289856434,0.23
117,0.87756,29,-18.0,True,3198,0.0012054750695824623,0.24
118,0.8765,23,-12.0,True,3221,0.0012855820823460817,0.25
119,0.87544,35,-24.0,True,3256,0.00928787887096405,0.25
120,0.87439,7,-16.0,False,3263,0.017908204346895218,0.25
121,0.87333,50,-50.0,False,3313,0.004575000144541264,0.24
122,0.87228,2,-11.0,False,3315,0.006053512450307608,0.24
123,0.87122,29,-18.0,True,3344,0.00386429182253778,0.25
124,0.87017,18,-27.0,False,3362,0.0031504773069173098,0.25
125,0.86911,8,-17.0,False,3370,0.00884582195430994,0.25
126,0.86806,21,-10.0,True,3391,0.0016289129853248596,0.25
127,0.867,11,-20.0,False,3402,0.002082102233543992,0.25
128,0.86594,31,-40.0,False,3433,0.004516851622611284,0.25
129,0.86489,36,-25.0,True,3469,0.03427693247795105,0.25
130,0.86383,7,-16.0,False,3476,0.010314026847481728,0.25
131,0.86278,26,-15.0,True,3502,0.017182068899273872,0.26
132,0.86172,17,-6.0,True,3519,0.005628047976642847,0.26
133,0.86067,35,-44.0,False,3554,0.012415166012942791,0.26
134,0.85961,11,0.0,True,3565,0.05810065567493439,0.27
135,0.85856,21,-30.0,False,3586,0.07936520129442215,0.27
136,0.8575,38,-27.0,True,3624,0.022376026958227158,0.28
137,0.85644,11,0.0,True,3635,0.07209067046642303,0.29
138,0.85539,42,-51.0,False,3677,0.04840666800737381,0.29
139,0.85433,50,-50.0,False,3727,0.06706272065639496,0.29
140,0.85328,36,-25.0,True,3763,0.09653870761394501,0.29
141,0.85222,19,-8.0,True,3782,0.18974342942237854,0.3
142,0.85117,5,-14.0,False,3787,0.0989043116569519,0.3
143,0.85011,27,-16.0,True,3814,0.2720964252948761,0.3
144,0.84906,13,-22.0,False,3827,0.1737651228904724,0.3
145,0.848,31,-20.0,True,3858,0.12175114452838898,0.31
146,0.84694,41,-30.0,True,3899,0.011495373211801052,0.32
147,0.84589,45,-34.0,True,3944,0.015170052647590637,0.33
148,0.84483,50,-50.0,False,3994,0.02616787701845169,0.33
149,0.84378,50,-39.0,True,4044,0.011131765320897102,0.33
150,0.84272,50,-50.0,False,4094,0.02353673428297043,0.33
151,0.84167,38,-27.0,True,4132,0.007700606714934111,0.34
152,0.84061,23,-32.0,False,4155,0.016909053549170494,0.34
153,0.83956,50,-50.0,False,4205,0.04149617254734039,0.34
154,0.8385,6,-15.0,False,4211,0.016061093658208847,0.34
155,0.83744,47,-36.0,True,4258,0.026795577257871628,0.35
156,0.83639,28,-17.0,True,4286,0.0787590965628624,0.36
157,0.83533,6,-15.0,False,4292,0.02745138481259346,0.36
158,0.83428,2,-11.0,False,4294,0.23197193443775177,0.35
159,0.83322,2,-11.0,False,4296,0.018459932878613472,0.34
160,0.83217,17,-26.0,False,4313,0.029610782861709595,0.34
161,0.83111,21,-10.0,True,4334,0.04296479374170303,0.35
162,0.83006,3,-12.0,False,4337,0.03529669716954231,0.35
163,0.829,50,-50.0,False,4387,0.025526562705636024,0.35
164,0.82794,41,-30.0,True,4428,0.019266240298748016,0.36
165,0.82689,27,-16.0,True,4455,0.04246330261230469,0.37
166,0.82583,50,-50.0,False,4505,0.07204234600067139,0.36
167,0.82478,2,-11.0,False,4507,0.009538063779473305,0.36
168,0.82372,37,-26.0,True,4544,0.1320333331823349,0.37
169,0.82267,44,-33.0,True,4588,0.020651141181588173,0.37
170,0.82161,31,-20.0,True,4619,0.011670921929180622,0.38
171,0.82056,3,-12.0,False,4622,0.012547124177217484,0.38
172,0.8195,32,-21.0,True,4654,0.02282988838851452,0.39
173,0.81844,5,-14.0,False,4659,0.028238598257303238,0.38
174,0.81739,5,-14.0,False,4664,0.026789918541908264,0.37
175,0.81633,13,-22.0,False,4677,0.015772690996527672,0.37
176,0.81528,2,-11.0,False,4679,0.013273987919092178,0.37
177,0.81422,12,-21.0,False,4691,0.05941937491297722,0.37
178,0.81317,14,-3.0,True,4705,0.025470659136772156,0.38
179,0.81211,8,-17.0,False,4713,0.03191797435283661,0.38
180,0.81106,34,-23.0,True,4747,0.010671896860003471,0.39
181,0.81,2,-11.0,False,4749,0.011960163712501526,0.39
182,0.80894,50,-50.0,False,4799,0.007648173253983259,0.39
183,0.80789,50,-50.0,False,4849,0.08399418741464615,0.39
184,0.80683,20,-9.0,True,4869,0.023734070360660553,0.4
185,0.80578,16,-25.0,False,4885,0.019337933510541916,0.4
186,0.80472,34,-23.0,True,4919,0.01566905342042446,0.4
187,0.80367,2,-11.0,False,4921,0.034575674682855606,0.4
188,0.80261,39,-28.0,True,4960,0.00895849522203207,0.41
189,0.80156,30,-19.0,True,4990,0.015267170034348965,0.42
190,0.8005,20,-9.0,True,5000,0.008899800479412079,0.42
191,0.79944,7,-16.0,False,5000,0.02425665780901909,0.42
192,0.79839,32,-21.0,True,5000,0.02134222909808159,0.43
193,0.79733,16,-5.0,True,5000,0.028413034975528717,0.44
194,0.79628,2,-11.0,False,5000,0.038855601102113724,0.44
195,0.79522,12,-21.0,False,5000,0.04624228924512863,0.43
196,0.79417,2,-11.0,False,5000,0.04792957752943039,0.43
197,0.79311,50,-50.0,False,5000,0.009165746159851551,0.43
198,0.79206,3,-12.0,False,5000,0.011239880695939064,0.42
199,0.791,9,-18.0,False,5000,0.007265803404152393,0.42
200,0.78994,2,-11.0,False,5000,0.006083570420742035,0.42
201,0.78889,2,-11.0,False,5000,0.0025804650504142046,0.41
202,0.78783,15,-4.0,True,5000,0.0034413649700582027,0.42
203,0.78678,8,-17.0,False,5000,0.008135254494845867,0.42
204,0.78572,17,-6.0,True,5000,0.030606219545006752,0.43
205,0.78467,14,-23.0,False,5000,0.003359501715749502,0.43
206,0.78361,11,0.0,True,5000,0.003996261861175299,0.44
207,0.78256,2,-11.0,False,5000,0.0022699953988194466,0.43
208,0.7815,8,3.0,True,5000,0.003681946313008666,0.44
209,0.78044,23,-12.0,True,5000,0.01185382716357708,0.44
210,0.77939,2,-11.0,False,5000,0.007548309862613678,0.44
211,0.77833,21,-30.0,False,5000,0.0034152185544371605,0.44
212,0.77728,23,-12.0,True,5000,0.007147864904254675,0.45
213,0.77622,48,-37.0,True,5000,0.005200590472668409,0.46
214,0.77517,27,-16.0,True,5000,0.0060567837208509445,0.47
215,0.77411,37,-26.0,True,5000,0.00919949822127819,0.47
216,0.77306,32,-21.0,True,5000,0.009362714365124702,0.47
217,0.772,30,-19.0,True,5000,0.001552642323076725,0.47
218,0.77094,14,-3.0,True,5000,0.0016362359747290611,0.47
219,0.76989,19,-8.0,True,5000,0.00052864127792418,0.47
220,0.76883,14,-3.0,True,5000,0.001979798311367631,0.48
221,0.76778,16,-25.0,False,5000,0.0026371246203780174,0.48
222,0.76672,40,-29.0,True,5000,0.0013877653982490301,0.49
223,0.76567,50,-50.0,False,5000,0.0005611117812804878,0.48
224,0.76461,11,-20.0,False,5000,0.00106625456828624,0.48
225,0.76356,50,-50.0,False,5000,0.0005223098560236394,0.48
226,0.7625,14,-3.0,True,5000,0.0005159216234460473,0.48
227,0.76144,3,-12.0,False,5000,0.0004428447282407433,0.48
228,0.76039,18,-7.0,True,5000,0.00041680983849801123,0.49
229,0.75933,18,-7.0,True,5000,0.0004696227260865271,0.49
230,0.75828,24,-13.0,True,5000,0.0002901383559219539,0.5
231,0.75722,10,-19.0,False,5000,0.00024855081574060023,0.49
232,0.75617,39,-28.0,True,5000,0.0007124780095182359,0.49
233,0.75511,25,-14.0,True,5000,0.0002434738853480667,0.5
234,0.75406,18,-7.0,True,5000,0.0004944511456415057,0.5
235,0.753,30,-19.0,True,5000,0.0005973635707050562,0.51
236,0.75194,45,-34.0,True,5000,0.003191207069903612,0.51
237,0.75089,44,-53.0,False,5000,0.00695677800104022,0.5
238,0.74983,50,-50.0,False,5000,0.012299653142690659,0.5
239,0.74878,3,-12.0,False,5000,0.013250620104372501,0.5
240,0.74772,11,0.0,True,5000,0.009225254878401756,0.5
241,0.74667,2,-11.0,False,5000,0.012573438696563244,0.49
242,0.74561,9,-18.0,False,5000,0.017489729449152946,0.49
243,0.74456,50,-50.0,False,5000,0.004066873341798782,0.48
244,0.7435,7,-16.0,False,5000,0.002202079864218831,0.48
245,0.74244,20,-9.0,True,5000,0.0009972236584872007,0.48
246,0.74139,7,-16.0,False,5000,0.0008712570415809751,0.47
247,0.74033,33,-22.0,True,5000,0.000941246107686311,0.47
248,0.73928,50,-50.0,False,5000,0.0015495659317821264,0.47
249,0.73822,19,-8.0,True,5000,0.0028832396492362022,0.47
250,0.73717,21,-10.0,True,5000,0.0036724356468766928,0.48
251,0.73611,10,1.0,True,5000,0.0015558833256363869,0.48
252,0.73506,4,-13.0,False,5000,0.002407937543466687,0.48
253,0.734,17,-6.0,True,5000,0.011763387359678745,0.49
254,0.73294,41,-30.0,True,5000,0.01495444867759943,0.5
255,0.73189,39,-28.0,True,5000,0.008583834394812584,0.5
256,0.73083,22,-11.0,True,5000,0.016856489703059196,0.5
257,0.72978,15,-4.0,True,5000,0.014342822134494781,0.51
258,0.72872,25,-14.0,True,5000,0.006891127210110426,0.52
259,0.72767,11,0.0,True,5000,0.009370587766170502,0.53
260,0.72661,7,-16.0,False,5000,0.013642395846545696,0.53
261,0.72556,9,2.0,True,5000,0.009555675089359283,0.53
262,0.7245,49,-38.0,True,5000,0.003322136588394642,0.54
263,0.72344,3,-12.0,False,5000,0.006160750985145569,0.54
264,0.72239,16,-5.0,True,5000,0.009539010003209114,0.54
265,0.72133,23,-12.0,True,5000,0.01887948252260685,0.54
266,0.72028,15,-24.0,False,5000,0.01802258938550949,0.54
267,0.71922,47,-36.0,True,5000,0.11059471219778061,0.55
268,0.71817,14,-3.0,True,5000,0.1571003496646881,0.55
269,0.71711,2,-11.0,False,5000,0.2059531807899475,0.54
270,0.71606,19,-8.0,True,5000,0.03140826150774956,0.54
271,0.715,23,-12.0,True,5000,0.160935640335083,0.55
272,0.71394,18,-7.0,True,5000,0.30010002851486206,0.55
273,0.71289,40,-29.0,True,5000,0.07779634743928909,0.56
274,0.71183,25,-14.0,True,5000,0.08511022478342056,0.57
275,0.71078,32,-21.0,True,5000,0.10787069797515869,0.58
276,0.70972,26,-15.0,True,5000,0.27466508746147156,0.59
277,0.70867,31,-20.0,True,5000,0.21139854192733765,0.6
278,0.70761,11,0.0,True,5000,0.2841717302799225,0.6
279,0.70656,25,-14.0,True,5000,0.34002044796943665,0.61
280,0.7055,19,-8.0,True,5000,0.40965598821640015,0.61
281,0.70444,20,-9.0,True,5000,1.038438081741333,0.62
282,0.70339,37,-26.0,True,5000,0.42001134157180786,0.63
283,0.70233,37,-26.0,True,5000,1.303619146347046,0.64
284,0.70128,14,-3.0,True,5000,0.6479939222335815,0.64
285,0.70022,7,-16.0,False,5000,0.3680531084537506,0.64
286,0.69917,48,-57.0,False,5000,0.5102818608283997,0.63
287,0.69811,28,-17.0,True,5000,0.31064149737358093,0.64
288,0.69706,10,1.0,True,5000,0.3466380536556244,0.64
289,0.696,7,4.0,True,5000,0.3372076451778412,0.64
290,0.69494,26,-15.0,True,5000,0.2597191333770752,0.64
291,0.69389,21,-30.0,False,5000,0.10471783578395844,0.64
292,0.69283,13,-2.0,True,5000,0.21848934888839722,0.64
293,0.69178,11,0.0,True,5000,0.45665472745895386,0.64
294,0.69072,35,-24.0,True,5000,0.22556881606578827,0.65
295,0.68967,41,-30.0,True,5000,0.25701048970222473,0.66
296,0.68861,30,-19.0,True,5000,0.17690178751945496,0.67
297,0.68756,2,-11.0,False,5000,0.28562796115875244,0.67
298,0.6865,15,-4.0,True,5000,0.13725821673870087,0.68
299,0.68544,19,-8.0,True,5000,0.12549541890621185,0.69
300,0.68439,20,-9.0,True,5000,0.20483528077602386,0.7
301,0.68333,50,-50.0,False,5000,0.32769775390625,0.7
302,0.68228,34,-23.0,True,5000,0.6086581349372864,0.7
303,0.68122,40,-29.0,True,5000,0.18591538071632385,0.71
304,0.68017,11,0.0,True,5000,0.2063906490802765,0.71
305,0.67911,16,-5.0,True,5000,0.04227616637945175,0.72
306,0.67806,11,0.0,True,5000,0.06884713470935822,0.72
307,0.677,22,-11.0,True,5000,0.3191797435283661,0.73
308,0.67594,18,-7.0,True,5000,0.430250883102417,0.73
309,0.67489,7,-16.0,False,5000,0.3452548682689667,0.72
310,0.67383,7,4.0,True,5000,0.19514231383800507,0.73
311,0.67278,27,-16.0,True,5000,0.0901033952832222,0.74
312,0.67172,11,0.0,True,5000,0.14264827966690063,0.74
313,0.67067,24,-13.0,True,5000,0.08559637516736984,0.74
314,0.66961,31,-20.0,True,5000,0.04824421554803848,0.74
315,0.66856,4,-13.0,False,5000,0.05054131895303726,0.73
316,0.6675,10,1.0,True,5000,0.08513259142637253,0.73
317,0.66644,4,-13.0,False,5000,0.09570608288049698,0.72
318,0.66539,23,-12.0,True,5000,0.11739441007375717,0.72
319,0.66433,16,-25.0,False,5000,0.1881883442401886,0.71
320,0.66328,19,-28.0,False,5000,0.24155975878238678,0.7
321,0.66222,12,-1.0,True,5000,0.0893954336643219,0.71
322,0.66117,18,-7.0,True,5000,0.17686457931995392,0.71
323,0.66011,50,-50.0,False,5000,0.15849697589874268,0.71
324,0.65906,23,-12.0,True,5000,0.03822207450866699,0.72
325,0.658,35,-24.0,True,5000,0.1832064986228943,0.73
326,0.65694,31,-20.0,True,5000,0.3554079532623291,0.73
327,0.65589,14,-3.0,True,5000,0.346089243888855,0.74
328,0.65483,37,-26.0,True,5000,0.2540367841720581,0.74
329,0.65378,3,-12.0,False,5000,0.18462146818637848,0.73
330,0.65272,16,-5.0,True,5000,0.3779135048389435,0.73
331,0.65167,13,-2.0,True,5000,0.44507306814193726,0.74
332,0.65061,17,-6.0,True,5000,0.36278048157691956,0.74
333,0.64956,23,-12.0,True,5000,0.20995911955833435,0.74
334,0.6485,24,-13.0,True,5000,0.15122702717781067,0.74
335,0.64744,12,-1.0,True,5000,0.18134132027626038,0.74
336,0.64639,18,-7.0,True,5000,0.6309468150138855,0.74
337,0.64533,13,-2.0,True,5000,1.02922785282135,0.75
338,0.64428,7,-16.0,False,5000,0.6704372763633728,0.75
339,0.64322,2,-11.0,False,5000,0.45153433084487915,0.75
340,0.64217,26,-15.0,True,5000,0.21043729782104492,0.75
341,0.64111,19,-8.0,True,5000,0.22351650893688202,0.76
342,0.64006,36,-25.0,True,5000,0.20011010766029358,0.77
343,0.639,8,3.0,True,5000,0.08482713252305984,0.78
344,0.63794,8,3.0,True,5000,0.07719209045171738,0.79
345,0.63689,8,3.0,True,5000,0.04022708535194397,0.79
346,0.63583,46,-35.0,True,5000,0.15488527715206146,0.8
347,0.63478,3,-12.0,False,5000,0.1410026252269745,0.79
348,0.63372,2,-11.0,False,5000,0.14347949624061584,0.79
349,0.63267,7,-16.0,False,5000,0.16160725057125092,0.78
350,0.63161,33,-22.0,True,5000,0.16625763475894928,0.78
351,0.63056,12,-1.0,True,5000,0.16705727577209473,0.78
352,0.6295,26,-15.0,True,5000,0.13934628665447235,0.79
353,0.62844,18,-7.0,True,5000,0.2690626382827759,0.79
354,0.62739,19,-8.0,True,5000,0.13440771400928497,0.79
355,0.62633,8,3.0,True,5000,0.09026356041431427,0.79
356,0.62528,18,-7.0,True,5000,0.13407796621322632,0.79
357,0.62422,5,-14.0,False,5000,0.17874857783317566,0.78
358,0.62317,3,-12.0,False,5000,0.14881634712219238,0.77
359,0.62211,13,-2.0,True,5000,0.31022533774375916,0.77
360,0.62106,21,-10.0,True,5000,0.16663813591003418,0.78
361,0.62,14,-3.0,True,5000,0.07298644632101059,0.78
362,0.61894,16,-5.0,True,5000,0.12675735354423523,0.78
363,0.61789,44,-33.0,True,5000,0.08533523231744766,0.79
364,0.61683,18,-7.0,True,5000,0.17752638459205627,0.79
365,0.61578,18,-7.0,True,5000,0.06833826005458832,0.79
366,0.61472,9,2.0,True,5000,0.1060953140258789,0.8
367,0.61367,13,-2.0,True,5000,0.16419729590415955,0.8
368,0.61261,18,-7.0,True,5000,0.2016163170337677,0.8
369,0.61156,19,-8.0,True,5000,0.2164488434791565,0.81
370,0.6105,10,1.0,True,5000,0.1732868105173111,0.81
371,0.60944,10,1.0,True,5000,0.09270448237657547,0.81
372,0.60839,13,-2.0,True,5000,0.16382671892642975,0.81
373,0.60733,20,-9.0,True,5000,0.1141466423869133,0.81
374,0.60628,11,0.0,True,5000,0.06356809288263321,0.81
375,0.60522,20,-9.0,True,5000,0.12368874996900558,0.81
376,0.60417,9,2.0,True,5000,0.10476525872945786,0.81
377,0.60311,9,2.0,True,5000,0.13275232911109924,0.81
378,0.60206,19,-8.0,True,5000,0.10029156506061554,0.81
379,0.601,12,-1.0,True,5000,0.13978230953216553,0.81
380,0.59994,24,-13.0,True,5000,0.1473049819469452,0.81
381,0.59889,2,-11.0,False,5000,0.2800929546356201,0.8
382,0.59783,20,-9.0,True,5000,0.14319096505641937,0.8
383,0.59678,16,-5.0,True,5000,0.1293065994977951,0.8
384,0.59572,26,-15.0,True,5000,0.214919775724411,0.8
385,0.59467,25,-14.0,True,5000,0.20895537734031677,0.81
386,0.59361,25,-14.0,True,5000,0.04222553223371506,0.82
387,0.59256,19,-8.0,True,5000,0.12372953444719315,0.82
388,0.5915,9,2.0,True,5000,0.10771866142749786,0.82
389,0.59044,14,-3.0,True,5000,0.27375927567481995,0.82
390,0.58939,15,-4.0,True,5000,0.1468992829322815,0.82
391,0.58833,12,-1.0,True,5000,0.16114957630634308,0.83
392,0.58728,19,-8.0,True,5000,0.1366015374660492,0.83
393,0.58622,22,-11.0,True,5000,0.29973718523979187,0.83
394,0.58517,25,-14.0,True,5000,0.19283567368984222,0.83
395,0.58411,20,-9.0,True,5000,0.06799015402793884,0.83
396,0.58306,27,-16.0,True,5000,0.12191174924373627,0.83
397,0.582,11,0.0,True,5000,0.18484525382518768,0.84
398,0.58094,8,3.0,True,5000,0.2256147861480713,0.84
399,0.57989,11,0.0,True,5000,0.16551849246025085,0.84
400,0.57883,9,2.0,True,5000,0.11494195461273193,0.84
401,0.57778,7,4.0,True,5000,0.13044650852680206,0.85
402,0.57672,18,-7.0,True,5000,0.11352397501468658,0.85
403,0.57567,15,-4.0,True,5000,0.24289870262145996,0.85
404,0.57461,9,2.0,True,5000,0.1242968738079071,0.85
405,0.57356,29,-18.0,True,5000,0.12449382245540619,0.85
406,0.5725,14,-3.0,True,5000,0.07827619463205338,0.85
407,0.57144,18,-7.0,True,5000,0.06754918396472931,0.85
408,0.57039,17,-6.0,True,5000,0.08629503101110458,0.85
409,0.56933,2,-11.0,False,5000,0.08760422468185425,0.85
410,0.56828,15,-4.0,True,5000,0.1542099416255951,0.85
411,0.56722,28,-17.0,True,5000,0.04028598964214325,0.85
412,0.56617,13,-2.0,True,5000,0.059960540384054184,0.85
413,0.56511,13,-2.0,True,5000,0.11329501867294312,0.85
414,0.56406,17,-6.0,True,5000,0.09207884967327118,0.85
415,0.563,19,-8.0,True,5000,0.05357785522937775,0.86
416,0.56194,10,1.0,True,5000,0.03865116834640503,0.86
417,0.56089,15,-4.0,True,5000,0.0782848373055458,0.87
418,0.55983,2,-11.0,False,5000,0.08271045237779617,0.86
419,0.55878,2,-11.0,False,5000,0.09859681874513626,0.86
420,0.55772,7,4.0,True,5000,0.06329764425754547,0.87
421,0.55667,15,-4.0,True,5000,0.10472314059734344,0.87
422,0.55561,2,-11.0,False,5000,0.08426477760076523,0.86
423,0.55456,15,-4.0,True,5000,0.05600997805595398,0.87
424,0.5535,13,-2.0,True,5000,0.04582076519727707,0.87
425,0.55244,10,1.0,True,5000,0.0664532408118248,0.87
426,0.55139,19,-8.0,True,5000,0.08108082413673401,0.87
427,0.55033,36,-25.0,True,5000,0.018303366377949715,0.87
428,0.54928,21,-10.0,True,5000,0.02739500254392624,0.87
429,0.54822,7,4.0,True,5000,0.05645272880792618,0.88
430,0.54717,20,-9.0,True,5000,0.0979456976056099,0.88
431,0.54611,15,-4.0,True,5000,0.034338805824518204,0.88
432,0.54506,14,-3.0,True,5000,0.02642618492245674,0.88
433,0.544,8,3.0,True,5000,0.05171160027384758,0.88
434,0.54294,13,-2.0,True,5000,0.07349110394716263,0.88
435,0.54189,9,2.0,True,5000,0.036518394947052,0.88
436,0.54083,16,-5.0,True,5000,0.009130638092756271,0.88
437,0.53978,12,-1.0,True,5000,0.018906734883785248,0.88
438,0.53872,37,-26.0,True,5000,0.17149405181407928,0.89
439,0.53767,8,-17.0,False,5000,0.05201007425785065,0.89
440,0.53661,20,-9.0,True,5000,0.03956577926874161,0.89
441,0.53556,15,-4.0,True,5000,0.05318780988454819,0.89
442,0.5345,9,2.0,True,5000,0.11226365715265274,0.89
443,0.53344,15,-4.0,True,5000,0.047453898936510086,0.89
444,0.53239,16,-5.0,True,5000,0.019863739609718323,0.89
445,0.53133,16,-5.0,True,5000,0.05002157390117645,0.89
446,0.53028,18,-7.0,True,5000,0.0379415787756443,0.89
447,0.52922,3,-12.0,False,5000,0.11105962097644806,0.89
448,0.52817,9,2.0,True,5000,0.02893626131117344,0.9
449,0.52711,18,-7.0,True,5000,0.02840205654501915,0.91
450,0.52606,12,-1.0,True,5000,0.026611968874931335,0.91
451,0.525,9,2.0,True,5000,0.04570126160979271,0.91
452,0.52394,16,-5.0,True,5000,0.012551845982670784,0.91
453,0.52289,24,-13.0,True,5000,0.02415063977241516,0.91
454,0.52183,13,-2.0,True,5000,0.039277102798223495,0.91
455,0.52078,3,-12.0,False,5000,0.03779962658882141,0.9
456,0.51972,2,-11.0,False,5000,0.05982935056090355,0.89
457,0.51867,18,-7.0,True,5000,0.013069456443190575,0.9
458,0.51761,17,-6.0,True,5000,0.03240479156374931,0.91
459,0.51656,18,-7.0,True,5000,0.03352172672748566,0.91
460,0.5155,25,-14.0,True,5000,0.023167815059423447,0.91
461,0.51444,17,-6.0,True,5000,0.04618869349360466,0.91
462,0.51339,10,1.0,True,5000,0.05548987165093422,0.91
463,0.51233,2,-11.0,False,5000,0.038282740861177444,0.9
464,0.51128,12,-1.0,True,5000,0.03250424563884735,0.9
465,0.51022,23,-12.0,True,5000,0.06824109703302383,0.9
466,0.50917,17,-6.0,True,5000,0.05154327303171158,0.9
467,0.50811,9,2.0,True,5000,0.03685547783970833,0.9
468,0.50706,8,3.0,True,5000,0.050163134932518005,0.9
469,0.506,14,-3.0,True,5000,0.032842934131622314,0.9
470,0.50494,36,-25.0,True,5000,0.05214095860719681,0.9
471,0.50389,15,-4.0,True,5000,0.03443401679396629,0.9
472,0.50283,6,-15.0,False,5000,0.07357189804315567,0.89
473,0.50178,38,-27.0,True,5000,0.01832129806280136,0.89
474,0.50072,12,-1.0,True,5000,0.04904301464557648,0.89
475,0.49967,13,-2.0,True,5000,0.09905869513750076,0.89
476,0.49861,16,-5.0,True,5000,0.06220737099647522,0.89
477,0.49756,11,0.0,True,5000,0.08636876940727234,0.89
478,0.4965,9,2.0,True,5000,0.0493989996612072,0.89
479,0.49544,22,-11.0,True,5000,0.08648455142974854,0.89
480,0.49439,19,-8.0,True,5000,0.05604428052902222,0.89
481,0.49333,14,-3.0,True,5000,0.0664619654417038,0.9
482,0.49228,13,-2.0,True,5000,0.07771778106689453,0.9
483,0.49122,20,-9.0,True,5000,0.1452678143978119,0.9
484,0.49017,15,-4.0,True,5000,0.05489736795425415,0.9
485,0.48911,8,3.0,True,5000,0.06180344149470329,0.9
486,0.48806,10,1.0,True,5000,0.10239285975694656,0.9
487,0.487,11,0.0,True,5000,0.059826336801052094,0.9
488,0.48594,13,-2.0,True,5000,0.09313401579856873,0.9
489,0.48489,10,1.0,True,5000,0.05755005404353142,0.9
490,0.48383,10,1.0,True,5000,0.0692652091383934,0.9
491,0.48278,9,2.0,True,5000,0.07717316597700119,0.9
492,0.48172,3,-12.0,False,5000,0.1169925257563591,0.89
493,0.48067,13,-2.0,True,5000,0.1537708342075348,0.89
494,0.47961,4,-13.0,False,5000,0.22972995042800903,0.88
495,0.47856,10,1.0,True,5000,0.08345525711774826,0.88
496,0.4775,21,-10.0,True,5000,0.12144786864519119,0.88
497,0.47644,23,-12.0,True,5000,0.11102520674467087,0.88
498,0.47539,7,4.0,True,5000,0.08364096283912659,0.88
499,0.47433,7,4.0,True,5000,0.03585561364889145,0.88
500,0.47328,10,1.0,True,5000,0.044352106750011444,0.88
501,0.47222,15,-4.0,True,5000,0.12645405530929565,0.88
502,0.47117,8,3.0,True,5000,0.21428613364696503,0.88
503,0.47011,4,-13.0,False,5000,0.1529802829027176,0.87
504,0.46906,12,-1.0,True,5000,0.10990773141384125,0.87
505,0.468,12,-1.0,True,5000,0.08481423556804657,0.87
506,0.46694,16,-5.0,True,5000,0.14562804996967316,0.87
507,0.46589,11,0.0,True,5000,0.15835097432136536,0.87
508,0.46483,11,-20.0,False,5000,0.08648654818534851,0.86
509,0.46378,15,-4.0,True,5000,0.06095240265130997,0.87
510,0.46272,5,-14.0,False,5000,0.05964189022779465,0.86
511,0.46167,10,1.0,True,5000,0.08084394037723541,0.86
512,0.46061,12,-1.0,True,5000,0.12824265658855438,0.86
513,0.45956,3,-12.0,False,5000,0.19058409333229065,0.85
514,0.4585,9,2.0,True,5000,0.18643146753311157,0.85
515,0.45744,13,-2.0,True,5000,0.04344122111797333,0.85
516,0.45639,20,-9.0,True,5000,0.06976355612277985,0.85
517,0.45533,17,-6.0,True,5000,0.15602600574493408,0.85
518,0.45428,9,2.0,True,5000,0.07163035869598389,0.86
519,0.45322,2,-11.0,False,5000,0.1650659739971161,0.86
520,0.45217,8,3.0,True,5000,0.13778769969940186,0.86
521,0.45111,15,-4.0,True,5000,0.04622206836938858,0.86
522,0.45006,14,-3.0,True,5000,0.09615092724561691,0.87
523,0.449,15,-4.0,True,5000,0.1592031568288803,0.87
524,0.44794,19,-8.0,True,5000,0.045678410679101944,0.87
525,0.44689,10,1.0,True,5000,0.06035521253943443,0.87
526,0.44583,12,-1.0,True,5000,0.10781783610582352,0.87
527,0.44478,21,-10.0,True,5000,0.06379488855600357,0.87
528,0.44372,8,3.0,True,5000,0.06140783056616783,0.87
529,0.44267,10,1.0,True,5000,0.07988400757312775,0.87
530,0.44161,29,-18.0,True,5000,0.24559591710567474,0.87
531,0.44056,2,-11.0,False,5000,0.16363248229026794,0.86
532,0.4395,8,3.0,True,5000,0.19136911630630493,0.86
533,0.43844,11,0.0,True,5000,0.07967594265937805,0.86
534,0.43739,5,-14.0,False,5000,0.05150885507464409,0.85
535,0.43633,9,2.0,True,5000,0.08070153743028641,0.85
536,0.43528,10,1.0,True,5000,0.10802753269672394,0.85
537,0.43422,22,-11.0,True,5000,0.15346702933311462,0.85
538,0.43317,12,-1.0,True,5000,0.1104390099644661,0.85
539,0.43211,15,-4.0,True,5000,0.0965229868888855,0.86
540,0.43106,18,-7.0,True,5000,0.20301461219787598,0.86
541,0.43,12,-1.0,True,5000,0.1369844675064087,0.86
542,0.42894,15,-4.0,True,5000,0.11362519860267639,0.86
543,0.42789,27,-16.0,True,5000,0.19387583434581757,0.86
544,0.42683,12,-1.0,True,5000,0.13769841194152832,0.86
545,0.42578,15,-4.0,True,5000,0.09290127456188202,0.86
546,0.42472,7,4.0,True,5000,0.1027613952755928,0.86
547,0.42367,20,-9.0,True,5000,0.12644264101982117,0.87
548,0.42261,18,-7.0,True,5000,0.10079160332679749,0.87
549,0.42156,8,3.0,True,5000,0.07628839462995529,0.87
550,0.4205,9,2.0,True,5000,0.10874366760253906,0.87
551,0.41944,3,-12.0,False,5000,0.06522517651319504,0.86
552,0.41839,18,-7.0,True,5000,0.0770563930273056,0.86
553,0.41733,7,4.0,True,5000,0.14255163073539734,0.86
554,0.41628,19,-8.0,True,5000,0.09510356932878494,0.86
555,0.41522,10,1.0,True,5000,0.08244148641824722,0.87
556,0.41417,15,-4.0,True,5000,0.0973624736070633,0.88
557,0.41311,11,0.0,True,5000,0.08532406389713287,0.88
558,0.41206,15,-4.0,True,5000,0.08735296130180359,0.88
559,0.411,15,-4.0,True,5000,0.08541977405548096,0.88
560,0.40994,7,4.0,True,5000,0.07958348840475082,0.88
561,0.40889,16,-5.0,True,5000,0.07293642312288284,0.88
562,0.40783,6,-15.0,False,5000,0.052981987595558167,0.87
563,0.40678,8,3.0,True,5000,0.033620595932006836,0.88
564,0.40572,13,-2.0,True,5000,0.03723835572600365,0.88
565,0.40467,19,-8.0,True,5000,0.06328385323286057,0.88
566,0.40361,22,-11.0,True,5000,0.021194735541939735,0.88
567,0.40256,16,-5.0,True,5000,0.02132698893547058,0.88
568,0.4015,8,3.0,True,5000,0.030302803963422775,0.88
569,0.40044,15,-4.0,True,5000,0.013527518138289452,0.88
570,0.39939,8,3.0,True,5000,0.01598229818046093,0.88
571,0.39833,10,1.0,True,5000,0.02014978975057602,0.88
572,0.39728,12,-1.0,True,5000,0.021237840875983238,0.89
573,0.39622,17,-6.0,True,5000,0.010485460981726646,0.89
574,0.39517,10,1.0,True,5000,0.008669722825288773,0.89
575,0.39411,7,4.0,True,5000,0.009388292208313942,0.89
576,0.39306,13,-2.0,True,5000,0.009673941880464554,0.89
577,0.392,9,2.0,True,5000,0.00538634741678834,0.89
578,0.39094,10,1.0,True,5000,0.00840737298130989,0.89
579,0.38989,7,4.0,True,5000,0.00527108833193779,0.89
580,0.38883,8,3.0,True,5000,0.004121967125684023,0.89
581,0.38778,11,0.0,True,5000,0.004880869761109352,0.89
582,0.38672,11,0.0,True,5000,0.004380243830382824,0.89
583,0.38567,9,2.0,True,5000,0.005366259254515171,0.89
584,0.38461,10,1.0,True,5000,0.002852083882316947,0.89
585,0.38356,18,-7.0,True,5000,0.0019112845184281468,0.89
586,0.3825,2,-11.0,False,5000,0.0021305694244802,0.88
587,0.38144,7,4.0,True,5000,0.0023614000529050827,0.88
588,0.38039,18,-7.0,True,5000,0.002783536445349455,0.88
589,0.37933,14,-3.0,True,5000,0.001922984141856432,0.88
590,0.37828,12,-1.0,True,5000,0.0016075476305559278,0.88
591,0.37722,15,-4.0,True,5000,0.001986585557460785,0.88
592,0.37617,13,-2.0,True,5000,0.0019982156809419394,0.89
593,0.37511,13,-2.0,True,5000,0.0011403101962059736,0.89
594,0.37406,11,0.0,True,5000,0.002413411857560277,0.9
595,0.373,14,-3.0,True,5000,0.0017859191866591573,0.9
596,0.37194,12,-1.0,True,5000,0.0007459504995495081,0.9
597,0.37089,13,-2.0,True,5000,0.0010469697881489992,0.9
598,0.36983,13,-2.0,True,5000,0.0014893307816237211,0.9
599,0.36878,14,-3.0,True,5000,0.0009118276066146791,0.9
600,0.36772,10,1.0,True,5000,0.0006499168230220675,0.9
601,0.36667,11,0.0,True,5000,0.0007578987278975546,0.9
602,0.36561,13,-2.0,True,5000,0.0004842844500672072,0.9
603,0.36456,12,-1.0,True,5000,0.00030312317539937794,0.91
604,0.3635,12,-1.0,True,5000,0.0004035582533106208,0.91
605,0.36244,10,1.0,True,5000,0.0004936367622576654,0.91
606,0.36139,19,-8.0,True,5000,0.00024057838891167194,0.91
607,0.36033,20,-9.0,True,5000,0.0005213366821408272,0.91
608,0.35928,7,4.0,True,5000,0.0002622203028295189,0.92
609,0.35822,15,-4.0,True,5000,0.0001753700926201418,0.92
610,0.35717,12,-1.0,True,5000,0.0001486906985519454,0.93
611,0.35611,9,2.0,True,5000,0.0002694658760447055,0.93
612,0.35506,9,2.0,True,5000,0.00017644673062022775,0.93
613,0.354,8,3.0,True,5000,0.0001671646605245769,0.94
614,0.35294,16,-5.0,True,5000,9.663196397013962e-05,0.94
615,0.35189,7,4.0,True,5000,0.00019191349565517157,0.94
616,0.35083,9,2.0,True,5000,0.00018527261272538453,0.94
617,0.34978,11,0.0,True,5000,0.0001827981323003769,0.94
618,0.34872,17,-6.0,True,5000,0.00016250440967269242,0.94
619,0.34767,7,4.0,True,5000,0.00019178816000930965,0.95
620,0.34661,11,0.0,True,5000,0.0002343878149986267,0.95
621,0.34556,8,3.0,True,5000,0.00018754811026155949,0.95
622,0.3445,9,2.0,True,5000,0.00020165265596006066,0.95
623,0.34344,9,2.0,True,5000,0.00017495165229775012,0.95
624,0.34239,2,-11.0,False,5000,0.00019795677508227527,0.94
625,0.34133,14,-3.0,True,5000,0.00018798766541294754,0.94
626,0.34028,7,4.0,True,5000,0.00025996126350946724,0.94
627,0.33922,14,-3.0,True,5000,0.00022695501684211195,0.94
628,0.33817,11,0.0,True,5000,0.00019443158817011863,0.94
629,0.33711,12,-1.0,True,5000,0.00024744594702497125,0.94
630,0.33606,10,1.0,True,5000,0.0002412683970760554,0.94
631,0.335,9,2.0,True,5000,0.0001710885262582451,0.95
632,0.33394,11,0.0,True,5000,0.00019574729958549142,0.95
633,0.33289,10,1.0,True,5000,0.00025402300525456667,0.95
634,0.33183,9,2.0,True,5000,0.00018520223966334015,0.96
635,0.33078,17,-6.0,True,5000,0.0004300346481613815,0.96
636,0.32972,12,-1.0,True,5000,0.000977320596575737,0.96
637,0.32867,10,1.0,True,5000,0.0006404286832548678,0.96
638,0.32761,8,3.0,True,5000,0.0009884798200801015,0.96
639,0.32656,13,-2.0,True,5000,0.001374873798340559,0.96
640,0.3255,8,3.0,True,5000,0.0008339269552379847,0.96
641,0.32444,7,4.0,True,5000,0.0008902064873836935,0.96
642,0.32339,13,-2.0,True,5000,0.0018700300715863705,0.96
643,0.32233,14,-3.0,True,5000,0.0012696456396952271,0.96
644,0.32128,10,1.0,True,5000,0.0016466461820527911,0.96
645,0.32022,16,-5.0,True,5000,0.0014137221733108163,0.96
646,0.31917,8,3.0,True,5000,0.0018389858305454254,0.96
647,0.31811,14,-3.0,True,5000,0.0015885788016021252,0.96
648,0.31706,11,0.0,True,5000,0.0018131707329303026,0.96
649,0.316,11,0.0,True,5000,0.00369504326954484,0.96
650,0.31494,10,1.0,True,5000,0.0026456452906131744,0.96
651,0.31389,8,3.0,True,5000,0.0030828318558633327,0.97
652,0.31283,9,2.0,True,5000,0.005095749162137508,0.97
653,0.31178,9,2.0,True,5000,0.008518616668879986,0.97
654,0.31072,11,0.0,True,5000,0.005371480248868465,0.97
655,0.30967,11,0.0,True,5000,0.0068636443465948105,0.97
656,0.30861,8,3.0,True,5000,0.009915116243064404,0.97
657,0.30756,9,2.0,True,5000,0.016285041347146034,0.97
658,0.3065,12,-1.0,True,5000,0.009892943315207958,0.97
659,0.30544,10,1.0,True,5000,0.014369288459420204,0.97
660,0.30439,9,2.0,True,5000,0.01543662790209055,0.97
661,0.30333,9,2.0,True,5000,0.008659192360937595,0.97
662,0.30228,12,-1.0,True,5000,0.011966519989073277,0.98
663,0.30122,7,4.0,True,5000,0.01844646781682968,0.98
664,0.30017,8,3.0,True,5000,0.0154919708147645,0.98
665,0.29911,7,4.0,True,5000,0.01136652659624815,0.98
666,0.29806,11,0.0,True,5000,0.022341445088386536,0.98
667,0.297,13,-2.0,True,5000,0.032558634877204895,0.98
668,0.29594,7,4.0,True,5000,0.017031561583280563,0.98
669,0.29489,10,1.0,True,5000,0.01796828582882881,0.98
670,0.29383,10,1.0,True,5000,0.03681124374270439,0.98
671,0.29278,12,-1.0,True,5000,0.03565346822142601,0.98
672,0.29172,13,-2.0,True,5000,0.05616418272256851,0.98
673,0.29067,8,3.0,True,5000,0.05530213937163353,0.98
674,0.28961,8,3.0,True,5000,0.09229142218828201,0.98
675,0.28856,7,4.0,True,5000,0.1316005140542984,0.98
676,0.2875,7,4.0,True,5000,0.07356222718954086,0.98
677,0.28644,14,-3.0,True,5000,0.1766088753938675,0.98
678,0.28539,11,0.0,True,5000,0.1863398253917694,0.98
679,0.28433,11,0.0,True,5000,0.14710590243339539,0.98
680,0.28328,20,-9.0,True,5000,0.15688513219356537,0.98
681,0.28222,3,-12.0,False,5000,0.150908961892128,0.97
682,0.28117,9,-18.0,False,5000,0.1126113086938858,0.96
683,0.28011,5,-14.0,False,5000,0.09837781637907028,0.95
684,0.27906,7,4.0,True,5000,0.09696175903081894,0.95
685,0.278,7,4.0,True,5000,0.10519205033779144,0.95
686,0.27694,10,1.0,True,5000,0.1987038552761078,0.96
687,0.27589,7,4.0,True,5000,0.1814553141593933,0.96
688,0.27483,16,-5.0,True,5000,0.13572196662425995,0.96
689,0.27378,8,3.0,True,5000,0.1718343049287796,0.96
690,0.27272,11,0.0,True,5000,0.10483772307634354,0.96
691,0.27167,9,2.0,True,5000,0.07657691836357117,0.96
692,0.27061,7,4.0,True,5000,0.07075201719999313,0.96
693,0.26956,20,-9.0,True,5000,0.06165888532996178,0.96
694,0.2685,9,2.0,True,5000,0.046414945274591446,0.96
695,0.26744,11,0.0,True,5000,0.020228369161486626,0.96
696,0.26639,8,3.0,True,5000,0.02612304501235485,0.96
697,0.26533,7,4.0,True,5000,0.03040916845202446,0.96
698,0.26428,8,3.0,True,5000,0.026730433106422424,0.96
699,0.26322,15,-4.0,True,5000,0.010236202739179134,0.96
700,0.26217,7,4.0,True,5000,0.012785887345671654,0.96
701,0.26111,7,4.0,True,5000,0.012755033560097218,0.96
702,0.26006,11,0.0,True,5000,0.011104200035333633,0.96
703,0.259,10,1.0,True,5000,0.0056192767806351185,0.96
704,0.25794,9,2.0,True,5000,0.005831530783325434,0.96
705,0.25689,8,3.0,True,5000,0.004577824845910072,0.96
706,0.25583,7,4.0,True,5000,0.0051225475035607815,0.96
707,0.25478,9,2.0,True,5000,0.0024963284377008677,0.96
708,0.25372,9,2.0,True,5000,0.0020581060089170933,0.96
709,0.25267,9,2.0,True,5000,0.0008332426659762859,0.96
710,0.25161,8,3.0,True,5000,0.0006801843410357833,0.96
711,0.25056,7,4.0,True,5000,0.0006754164351150393,0.96
712,0.2495,8,3.0,True,5000,0.0005176101694814861,0.96
713,0.24844,11,0.0,True,5000,0.0006962036131881177,0.96
714,0.24739,7,4.0,True,5000,0.00037541924393735826,0.96
715,0.24633,11,0.0,True,5000,0.00024355189816560596,0.96
716,0.24528,12,-1.0,True,5000,8.813629392534494e-05,0.96
717,0.24422,9,2.0,True,5000,0.00014966880553402007,0.96
718,0.24317,7,4.0,True,5000,0.00014529391773976386,0.96
719,0.24211,14,-3.0,True,5000,0.00018020310380961746,0.96
720,0.24106,9,2.0,True,5000,0.00030647640232928097,0.96
721,0.24,11,0.0,True,5000,0.000155556364916265,0.96
722,0.23894,16,-5.0,True,5000,4.570784585666843e-05,0.96
723,0.23789,13,-2.0,True,5000,3.3285552490269765e-05,0.96
724,0.23683,13,-2.0,True,5000,0.00010410804679850116,0.97
725,0.23578,7,4.0,True,5000,0.0001221923012053594,0.97
726,0.23472,7,4.0,True,5000,5.9196001529926434e-05,0.97
727,0.23367,11,0.0,True,5000,4.052582153235562e-05,0.97
728,0.23261,14,-3.0,True,5000,2.473433778504841e-05,0.97
729,0.23156,7,4.0,True,5000,9.674033935880288e-05,0.97
730,0.2305,7,4.0,True,5000,2.753731496341061e-05,0.97
731,0.22944,8,3.0,True,5000,4.399043245939538e-05,0.97
732,0.22839,12,-1.0,True,5000,2.7150081223226152e-05,0.97
733,0.22733,7,4.0,True,5000,5.24147144460585e-05,0.97
734,0.22628,8,3.0,True,5000,3.0828246963210404e-05,0.97
735,0.22522,8,3.0,True,5000,6.106325599830598e-05,0.97
736,0.22417,7,4.0,True,5000,2.5068662580451928e-05,0.97
737,0.22311,8,3.0,True,5000,2.4644699806231074e-05,0.97
738,0.22206,7,4.0,True,5000,4.530855221673846e-05,0.97
739,0.221,11,0.0,True,5000,2.1228248442639597e-05,0.97
740,0.21994,7,4.0,True,5000,2.025039793807082e-05,0.97
741,0.21889,8,3.0,True,5000,2.755790228547994e-05,0.97
742,0.21783,9,2.0,True,5000,2.425307138764765e-05,0.97
743,0.21678,9,2.0,True,5000,2.389925612078514e-05,0.97
744,0.21572,11,0.0,True,5000,2.8672220651060343e-05,0.97
745,0.21467,13,-2.0,True,5000,1.7265943824895658e-05,0.97
746,0.21361,9,2.0,True,5000,9.992257218982559e-06,0.97
747,0.21256,9,2.0,True,5000,8.676789548189845e-06,0.97
748,0.2115,10,1.0,True,5000,2.9614455343107693e-05,0.97
749,0.21044,11,0.0,True,5000,2.5620120140956715e-05,0.97
750,0.20939,7,4.0,True,5000,1.362637249258114e-05,0.97
751,0.20833,9,2.0,True,5000,8.781818905845284e-06,0.97
752,0.20728,10,1.0,True,5000,9.34776744543342e-06,0.97
753,0.20622,11,0.0,True,5000,8.918024832382798e-06,0.97
754,0.20517,12,-1.0,True,5000,4.359192644187715e-06,0.97
755,0.20411,7,4.0,True,5000,4.503512627707096e-06,0.97
756,0.20306,8,3.0,True,5000,6.20381024418748e-06,0.97
757,0.202,11,0.0,True,5000,5.000224973628065e-06,0.97
758,0.20094,10,1.0,True,5000,5.796544428449124e-06,0.97
759,0.19989,9,2.0,True,5000,2.1828846001881175e-06,0.97
760,0.19883,8,3.0,True,5000,5.536052412935533e-06,0.97
761,0.19778,14,-3.0,True,5000,2.6561729100649245e-06,0.97
762,0.19672,7,4.0,True,5000,7.959675713209435e-06,0.97
763,0.19567,7,4.0,True,5000,6.0214251789147966e-06,0.97
764,0.19461,7,4.0,True,5000,4.329167495598085e-06,0.97
765,0.19356,11,0.0,True,5000,5.511829385795863e-06,0.97
766,0.1925,8,3.0,True,5000,1.98841894416546e-06,0.97
767,0.19144,8,3.0,True,5000,1.7756067336449632e-06,0.97
768,0.19039,8,3.0,True,5000,1.8534170749262557e-06,0.97
769,0.18933,11,0.0,True,5000,3.2915531846811064e-06,0.97
770,0.18828,7,4.0,True,5000,1.8891806803367217e-06,0.97
771,0.18722,10,1.0,True,5000,3.846146682917606e-06,0.97
772,0.18617,7,4.0,True,5000,5.03764022141695e-06,0.97
773,0.18511,11,0.0,True,5000,8.497531780449208e-07,0.97
774,0.18406,7,4.0,True,5000,9.507235517958179e-06,0.97
775,0.183,2,-11.0,False,5000,2.679833869478898e-06,0.96
776,0.18194,7,4.0,True,5000,1.4920216244718176e-06,0.96
777,0.18089,7,4.0,True,5000,3.139056389045436e-06,0.96
778,0.17983,8,3.0,True,5000,4.2061992644448765e-06,0.96
779,0.17878,10,1.0,True,5000,4.0039308260020334e-06,0.96
780,0.17772,9,2.0,True,5000,8.893964036360558e-07,0.96
781,0.17667,10,1.0,True,5000,3.43550527759362e-06,0.97
782,0.17561,7,4.0,True,5000,3.2157306577573763e-06,0.98
783,0.17456,9,2.0,True,5000,2.0206657609378453e-06,0.99
784,0.1735,7,4.0,True,5000,3.2935579383774893e-06,0.99
785,0.17244,8,3.0,True,5000,2.6537099984125234e-06,0.99
786,0.17139,9,2.0,True,5000,1.5920478517728043e-06,0.99
787,0.17033,11,0.0,True,5000,1.5565038893328165e-06,0.99
788,0.16928,9,2.0,True,5000,2.586624077594024e-06,0.99
789,0.16822,7,4.0,True,5000,2.401510982963373e-06,0.99
790,0.16717,7,4.0,True,5000,2.609572220535483e-06,0.99
791,0.16611,7,4.0,True,5000,3.4750466966215754e-06,0.99
792,0.16506,9,2.0,True,5000,1.7625368400331354e-06,0.99
793,0.164,9,2.0,True,5000,1.189223780784232e-06,0.99
794,0.16294,8,3.0,True,5000,1.4922976561138057e-06,0.99
795,0.16189,7,4.0,True,5000,1.4238160019885981e-06,0.99
796,0.16083,10,1.0,True,5000,1.581848664500285e-06,0.99
797,0.15978,7,4.0,True,5000,6.086238499847241e-07,0.99
798,0.15872,7,4.0,True,5000,1.3234033531261957e-06,0.99
799,0.15767,7,4.0,True,5000,1.595103071849735e-06,0.99
800,0.15661,11,0.0,True,5000,4.385271950013703e-07,0.99
801,0.15556,7,4.0,True,5000,1.073742510016018e-06,0.99
802,0.1545,10,1.0,True,5000,5.99984559812583e-07,0.99
803,0.15344,7,4.0,True,5000,1.148494675362599e-06,0.99
804,0.15239,9,2.0,True,5000,7.88337843005138e-07,0.99
805,0.15133,7,4.0,True,5000,5.836326977259887e-07,0.99
806,0.15028,13,-2.0,True,5000,7.144503797462676e-07,0.99
807,0.14922,12,-1.0,True,5000,9.31979457163834e-07,0.99
808,0.14817,9,2.0,True,5000,1.027024950417399e-06,0.99
809,0.14711,7,4.0,True,5000,1.1457972277639783e-06,0.99
810,0.14606,2,-11.0,False,5000,9.836040817390312e-07,0.98
811,0.145,8,3.0,True,5000,9.340456017525867e-07,0.98
812,0.14394,9,2.0,True,5000,3.1387102694679925e-07,0.98
813,0.14289,7,4.0,True,5000,4.0698594716559455e-07,0.98
814,0.14183,9,2.0,True,5000,4.627838450232957e-07,0.98
815,0.14078,7,4.0,True,5000,1.0659939562174259e-06,0.98
816,0.13972,9,2.0,True,5000,3.043056437945779e-07,0.98
817,0.13867,7,4.0,True,5000,8.730079912311339e-07,0.98
818,0.13761,8,3.0,True,5000,1.2800914817034936e-07,0.98
819,0.13656,8,3.0,True,5000,4.156453314863029e-07,0.98
820,0.1355,9,2.0,True,5000,4.3448631004139315e-07,0.98
821,0.13444,7,4.0,True,5000,2.9991912242621765e-07,0.98
822,0.13339,7,4.0,True,5000,3.0810042517259717e-07,0.98
823,0.13233,7,4.0,True,5000,1.330631818063921e-07,0.98
824,0.13128,7,4.0,True,5000,1.8673389945433883e-07,0.98
825,0.13022,10,1.0,True,5000,6.14902319284738e-07,0.98
826,0.12917,7,4.0,True,5000,4.1140887674373516e-07,0.98
827,0.12811,7,4.0,True,5000,5.117303771839943e-07,0.98
828,0.12706,7,4.0,True,5000,4.687624368671095e-07,0.98
829,0.126,7,4.0,True,5000,3.7986333722983545e-07,0.98
830,0.12494,8,3.0,True,5000,3.472329126452678e-07,0.98
831,0.12389,7,4.0,True,5000,3.020992380697862e-07,0.98
832,0.12283,7,4.0,True,5000,5.470909059113183e-07,0.98
833,0.12178,7,4.0,True,5000,3.8399841173486493e-07,0.98
834,0.12072,7,4.0,True,5000,3.1070419481693534e-07,0.98
835,0.11967,7,4.0,True,5000,2.7446333206171403e-07,0.98
836,0.11861,7,4.0,True,5000,3.9159556308732135e-07,0.98
837,0.11756,9,2.0,True,5000,5.89712158216571e-07,0.98
838,0.1165,12,-1.0,True,5000,4.4023897771694465e-07,0.98
839,0.11544,7,4.0,True,5000,3.763573204196291e-07,0.98
840,0.11439,7,4.0,True,5000,5.067041684014839e-07,0.98
841,0.11333,7,4.0,True,5000,3.7118650197953684e-07,0.98
842,0.11228,8,3.0,True,5000,9.624358199289418e-07,0.98
843,0.11122,8,3.0,True,5000,4.113078659884195e-07,0.98
844,0.11017,7,4.0,True,5000,4.483828206502949e-07,0.98
845,0.10911,8,3.0,True,5000,2.666205887180695e-07,0.98
846,0.10806,7,4.0,True,5000,5.334574098014855e-07,0.98
847,0.107,7,4.0,True,5000,1.7587754541636968e-07,0.98
848,0.10594,7,4.0,True,5000,1.6511634726157354e-07,0.98
849,0.10489,8,3.0,True,5000,3.0367647241291706e-07,0.98
850,0.10383,7,4.0,True,5000,3.8783241507189814e-07,0.98
851,0.10278,9,2.0,True,5000,3.4619216648934525e-07,0.98
852,0.10172,4,-13.0,False,5000,4.290451727229083e-07,0.97
853,0.10067,7,4.0,True,5000,1.5440176071024325e-07,0.97
854,0.09961,9,2.0,True,5000,2.850245834906673e-07,0.97
855,0.09856,7,4.0,True,5000,3.0591314725825214e-07,0.97
856,0.0975,13,-2.0,True,5000,2.9628247943946917e-07,0.97
857,0.09644,8,3.0,True,5000,4.2472893824196944e-07,0.97
858,0.09539,7,4.0,True,5000,3.0394392069865717e-07,0.97
859,0.09433,7,4.0,True,5000,3.6498326494438516e-07,0.97
860,0.09328,7,4.0,True,5000,1.6136820590872958e-07,0.97
861,0.09222,8,3.0,True,5000,2.3530563453277864e-07,0.97
862,0.09117,7,4.0,True,5000,4.4478491645350005e-07,0.97
863,0.09011,9,2.0,True,5000,2.9518668043237994e-07,0.97
864,0.08906,11,0.0,True,5000,3.2195566745940596e-07,0.97
865,0.088,8,3.0,True,5000,1.753143408222968e-07,0.97
866,0.08694,7,4.0,True,5000,4.166072358202655e-07,0.97
867,0.08589,8,3.0,True,5000,1.3404101650849043e-07,0.97
868,0.08483,7,4.0,True,5000,2.7114836598229886e-07,0.97
869,0.08378,8,3.0,True,5000,1.912772802370455e-07,0.97
870,0.08272,11,0.0,True,5000,4.450962478586007e-07,0.97
871,0.08167,8,3.0,True,5000,1.4408036008717318e-07,0.97
872,0.08061,7,4.0,True,5000,5.616146268039302e-07,0.97
873,0.07956,7,4.0,True,5000,6.031306156728533e-07,0.97
874,0.0785,7,4.0,True,5000,4.521775451848953e-07,0.97
875,0.07744,7,4.0,True,5000,1.495093329140218e-06,0.98
876,0.07639,9,2.0,True,5000,6.539901278301841e-07,0.98
877,0.07533,7,4.0,True,5000,1.091684339371568e-06,0.98
878,0.07428,7,4.0,True,5000,5.442918222797744e-07,0.98
879,0.07322,7,4.0,True,5000,9.252659651792783e-07,0.98
880,0.07217,7,4.0,True,5000,2.728647814365104e-06,0.98
881,0.07111,11,0.0,True,5000,6.36887136806763e-07,0.98
882,0.07006,7,4.0,True,5000,1.7748806158124353e-06,0.98
883,0.069,8,3.0,True,5000,3.078885811191867e-06,0.98
884,0.06794,7,4.0,True,5000,2.383180344622815e-06,0.98
885,0.06689,7,4.0,True,5000,2.100078972944175e-06,0.98
886,0.06583,7,4.0,True,5000,1.1182153230038239e-06,0.98
887,0.06478,7,4.0,True,5000,1.352435901935678e-06,0.98
888,0.06372,8,3.0,True,5000,1.359972543468757e-06,0.98
889,0.06267,7,4.0,True,5000,1.2857894944318105e-06,0.98
890,0.06161,7,4.0,True,5000,2.066656634269748e-06,0.98
891,0.06056,7,4.0,True,5000,4.441947112354683e-06,0.98
892,0.0595,7,4.0,True,5000,9.731599675433245e-06,0.98
893,0.05844,7,4.0,True,5000,5.936262823524885e-06,0.98
894,0.05739,7,4.0,True,5000,6.2767326198809315e-06,0.98
895,0.05633,10,1.0,True,5000,8.191946108127013e-06,0.98
896,0.05528,7,4.0,True,5000,5.423492439149413e-06,0.98
897,0.05422,7,4.0,True,5000,9.578949175192975e-06,0.98
898,0.05317,8,3.0,True,5000,2.7598287488217466e-05,0.98
899,0.05211,8,3.0,True,5000,1.9140967197017744e-05,0.98
900,0.05106,7,4.0,True,5000,1.4438694051932544e-05,0.98
901,0.05,7,4.0,True,5000,1.1858113794005476e-05,0.98
902,0.05,8,3.0,True,5000,5.337694165064022e-05,0.98
903,0.05,7,4.0,True,5000,6.636968464590609e-05,0.98
904,0.05,7,4.0,True,5000,9.009472705656663e-05,0.98
905,0.05,9,2.0,True,5000,1.358968802378513e-05,0.98
906,0.05,7,4.0,True,5000,3.5614015359897166e-05,0.98
907,0.05,2,-11.0,False,5000,6.367853347910568e-05,0.97
908,0.05,7,4.0,True,5000,9.19748199521564e-05,0.97
909,0.05,7,4.0,True,5000,9.719823719933629e-05,0.97
910,0.05,9,2.0,True,5000,6.632652366533875e-05,0.98
911,0.05,7,4.0,True,5000,9.325203427579254e-05,0.98
912,0.05,7,4.0,True,5000,0.0003573379945009947,0.98
913,0.05,7,4.0,True,5000,0.00014982599532231688,0.98
914,0.05,7,4.0,True,5000,3.169031333527528e-05,0.98
915,0.05,7,4.0,True,5000,4.507124685915187e-05,0.98
916,0.05,7,4.0,True,5000,0.0001210487971547991,0.98
917,0.05,7,4.0,True,5000,0.0002973817754536867,0.98
918,0.05,7,4.0,True,5000,0.00038635270902886987,0.98
919,0.05,10,1.0,True,5000,0.00018937095592264086,0.98
920,0.05,7,4.0,True,5000,0.00019283007713966072,0.98
921,0.05,7,4.0,True,5000,0.0006576630985364318,0.98
922,0.05,9,2.0,True,5000,0.0001819065073505044,0.98
923,0.05,7,4.0,True,5000,0.0004835047875531018,0.98
924,0.05,9,2.0,True,5000,0.0016973394667729735,0.98
925,0.05,7,4.0,True,5000,0.0009516026475466788,0.98
926,0.05,7,4.0,True,5000,0.0016011045081540942,0.98
927,0.05,7,4.0,True,5000,0.0010256506502628326,0.98
928,0.05,7,4.0,True,5000,0.0038747317157685757,0.98
929,0.05,7,4.0,True,5000,0.003252584021538496,0.98
930,0.05,7,4.0,True,5000,0.00415971502661705,0.98
931,0.05,8,3.0,True,5000,0.002731122076511383,0.98
932,0.05,7,4.0,True,5000,0.002878753002732992,0.98
933,0.05,7,4.0,True,5000,0.0011141818249598145,0.98
934,0.05,7,4.0,True,5000,0.0014743873616680503,0.98
935,0.05,7,4.0,True,5000,0.0021742095705121756,0.98
936,0.05,11,0.0,True,5000,0.0017306383233517408,0.98
937,0.05,7,4.0,True,5000,0.0015790152829140425,0.98
938,0.05,7,4.0,True,5000,0.0028441858012229204,0.98
939,0.05,7,4.0,True,5000,0.00272561376914382,0.98
940,0.05,7,4.0,True,5000,0.0047953468747437,0.98
941,0.05,7,4.0,True,5000,0.004361744504421949,0.98
942,0.05,7,4.0,True,5000,0.004024797584861517,0.98
943,0.05,8,3.0,True,5000,0.00385619536973536,0.98
944,0.05,7,4.0,True,5000,0.012121793814003468,0.98
945,0.05,7,4.0,True,5000,0.006318340077996254,0.98
946,0.05,7,4.0,True,5000,0.01304610539227724,0.98
947,0.05,7,4.0,True,5000,0.012125952169299126,0.98
948,0.05,7,4.0,True,5000,0.005051813088357449,0.98
949,0.05,8,3.0,True,5000,0.005243269726634026,0.98
950,0.05,7,4.0,True,5000,0.005691205151379108,0.98
951,0.05,7,4.0,True,5000,0.0036862462293356657,0.98
952,0.05,7,4.0,True,5000,0.00887362752109766,0.99
953,0.05,7,4.0,True,5000,0.004844215232878923,0.99
954,0.05,7,4.0,True,5000,0.008066477254033089,0.99
955,0.05,7,4.0,True,5000,0.0027730383444577456,0.99
956,0.05,7,4.0,True,5000,0.008982663974165916,0.99
957,0.05,7,4.0,True,5000,0.005755056161433458,0.99
958,0.05,7,4.0,True,5000,0.006186489947140217,0.99
959,0.05,7,4.0,True,5000,0.005051386542618275,0.99
960,0.05,7,4.0,True,5000,0.0043031214736402035,0.99
961,0.05,7,4.0,True,5000,0.006974928081035614,0.99
962,0.05,8,3.0,True,5000,0.007670869585126638,0.99
963,0.05,7,4.0,True,5000,0.015312600880861282,0.99
964,0.05,7,4.0,True,5000,0.009261042810976505,0.99
965,0.05,7,4.0,True,5000,0.008303391747176647,0.99
966,0.05,7,4.0,True,5000,0.01829012855887413,0.99
967,0.05,9,2.0,True,5000,0.014667661860585213,0.99
968,0.05,9,2.0,True,5000,0.02673959918320179,0.99
969,0.05,7,4.0,True,5000,0.029102938249707222,0.99
970,0.05,7,4.0,True,5000,0.04676420986652374,0.99
971,0.05,9,2.0,True,5000,0.11489026248455048,0.99
972,0.05,9,2.0,True,5000,0.14402718842029572,0.99
973,0.05,7,4.0,True,5000,0.2832850217819214,0.99
974,0.05,7,4.0,True,5000,0.04358035326004028,0.99
975,0.05,7,4.0,True,5000,0.2629930377006531,0.99
976,0.05,7,4.0,True,5000,0.14071865379810333,0.99
977,0.05,7,4.0,True,5000,0.059022363275289536,0.99
978,0.05,7,4.0,True,5000,0.19566693902015686,0.99
979,0.05,7,4.0,True,5000,0.10161133110523224,0.99
980,0.05,9,2.0,True,5000,0.03721333295106888,0.99
981,0.05,9,2.0,True,5000,0.05476699396967888,0.99
982,0.05,7,4.0,True,5000,0.02185281366109848,0.99
983,0.05,7,4.0,True,5000,0.026485325768589973,0.99
984,0.05,7,4.0,True,5000,0.047269925475120544,0.99
985,0.05,7,4.0,True,5000,0.007971116341650486,0.99
986,0.05,9,2.0,True,5000,0.022820353507995605,0.99
987,0.05,7,4.0,True,5000,0.008714696392416954,0.99
988,0.05,9,2.0,True,5000,0.011907754465937614,0.99
989,0.05,7,4.0,True,5000,0.017357846722006798,0.99
990,0.05,8,3.0,True,5000,0.003253560047596693,0.99
991,0.05,7,4.0,True,5000,0.01457220409065485,0.99
992,0.05,7,4.0,True,5000,0.012016620486974716,0.99
993,0.05,7,4.0,True,5000,0.0034431845415383577,0.99
994,0.05,7,4.0,True,5000,0.005477819591760635,0.99
995,0.05,7,4.0,True,5000,0.01122552901506424,0.99
996,0.05,7,4.0,True,5000,0.003845497267320752,0.99
997,0.05,7,4.0,True,5000,0.0036898020189255476,0.99
998,0.05,7,4.0,True,5000,0.0052416035905480385,0.99
999,0.05,7,4.0,True,5000,0.0033404454588890076,0.99
1000,0.05,9,2.0,True,5000,0.0024965242482721806,0.99
1001,0.05,7,4.0,True,5000,0.0013171422760933638,0.99
1002,0.05,7,4.0,True,5000,0.00045567142660729587,0.99
1003,0.05,8,3.0,True,5000,0.0013176935026422143,0.99
1004,0.05,7,4.0,True,5000,0.0014386859256774187,0.99
1005,0.05,9,2.0,True,5000,0.000254524260526523,0.99
1006,0.05,7,4.0,True,5000,0.0010259115369990468,0.99
1007,0.05,9,2.0,True,5000,0.0006946480134502053,1.0
1008,0.05,7,4.0,True,5000,0.0007343780598603189,1.0
1009,0.05,7,4.0,True,5000,0.001784613123163581,1.0
1010,0.05,9,2.0,True,5000,0.0006167410174384713,1.0
1011,0.05,9,2.0,True,5000,0.00044395183795131743,1.0
1012,0.05,7,4.0,True,5000,0.0006942905019968748,1.0
1013,0.05,7,4.0,True,5000,0.0005471751210279763,1.0
1014,0.05,7,4.0,True,5000,0.000264722912106663,1.0
1015,0.05,7,4.0,True,5000,0.0008158219279721379,1.0
1016,0.05,7,4.0,True,5000,0.0008532251231372356,1.0
1017,0.05,7,4.0,True,5000,0.00015596488083247095,1.0
1018,0.05,7,4.0,True,5000,0.0005774380988441408,1.0
1019,0.05,9,2.0,True,5000,0.0005354181048460305,1.0
1020,0.05,7,4.0,True,5000,0.0006366310990415514,1.0
1021,0.05,7,4.0,True,5000,0.00031517434399574995,1.0
1022,0.05,7,4.0,True,5000,0.0003521390608511865,1.0
1023,0.05,7,4.0,True,5000,7.898366311565042e-05,1.0
1024,0.05,7,4.0,True,5000,0.0003062531759496778,1.0
1025,0.05,7,4.0,True,5000,0.0002567442716099322,1.0
1026,0.05,7,4.0,True,5000,0.00012579112080857158,1.0
1027,0.05,7,4.0,True,5000,0.00023357363534159958,1.0
1028,0.05,7,4.0,True,5000,0.00021340700914151967,1.0
1029,0.05,7,4.0,True,5000,0.0001640554837649688,1.0
1030,0.05,7,4.0,True,5000,0.0002670677495189011,1.0
1031,0.05,7,4.0,True,5000,0.00022645269928034395,1.0
1032,0.05,8,3.0,True,5000,6.887278141221032e-05,1.0
1033,0.05,7,4.0,True,5000,5.420301022240892e-05,1.0
1034,0.05,7,4.0,True,5000,4.735674156108871e-05,1.0
1035,0.05,7,4.0,True,5000,8.133470691973343e-05,1.0
1036,0.05,8,3.0,True,5000,4.339320366852917e-05,1.0
1037,0.05,7,4.0,True,5000,0.00015517040446866304,1.0
1038,0.05,7,4.0,True,5000,4.964121035300195e-05,1.0
1039,0.05,7,4.0,True,5000,2.1307798306224868e-05,1.0
1040,0.05,9,2.0,True,5000,7.612934859935194e-05,1.0
1041,0.05,7,4.0,True,5000,4.471703869057819e-05,1.0
1042,0.05,7,4.0,True,5000,3.8392518035834655e-05,1.0
1043,0.05,7,4.0,True,5000,5.6720917200436816e-05,1.0
1044,0.05,7,4.0,True,5000,1.9662087652250193e-05,1.0
1045,0.05,7,4.0,True,5000,2.9059463486191817e-05,1.0
1046,0.05,7,4.0,True,5000,5.12948572577443e-05,1.0
1047,0.05,7,4.0,True,5000,2.6835625249077566e-05,1.0
1048,0.05,11,0.0,True,5000,4.574197737383656e-05,1.0
1049,0.05,7,4.0,True,5000,7.716682739555836e-05,1.0
1050,0.05,8,3.0,True,5000,6.238029163796455e-05,1.0
1051,0.05,7,4.0,True,5000,2.0152743672952056e-05,1.0
1052,0.05,7,4.0,True,5000,3.070785169256851e-05,1.0
1053,0.05,7,4.0,True,5000,1.4509601896861568e-05,1.0
1054,0.05,9,2.0,True,5000,2.5167340936604887e-05,1.0
1055,0.05,7,4.0,True,5000,3.383927105460316e-05,1.0
1056,0.05,7,4.0,True,5000,1.1621926205407362e-05,1.0
1057,0.05,7,4.0,True,5000,7.411829756165389e-06,1.0
1058,0.05,9,2.0,True,5000,3.977504456997849e-05,1.0
1059,0.05,7,4.0,True,5000,1.1436308341217227e-05,1.0
1060,0.05,7,4.0,True,5000,2.8259059035917744e-05,1.0
1061,0.05,7,4.0,True,5000,1.810048706829548e-05,1.0
1062,0.05,7,4.0,True,5000,2.4982067770906724e-05,1.0
1063,0.05,7,4.0,True,5000,1.282129051105585e-05,1.0
1064,0.05,7,4.0,True,5000,2.6390865969005972e-05,1.0
1065,0.05,7,4.0,True,5000,1.1702803931257222e-05,1.0
1066,0.05,7,4.0,True,5000,8.172567504516337e-06,1.0
1067,0.05,7,4.0,True,5000,1.4361295143316966e-05,1.0
1068,0.05,7,4.0,True,5000,1.0795522030093707e-05,1.0
1069,0.05,9,2.0,True,5000,1.2744872947223485e-05,1.0
1070,0.05,7,4.0,True,5000,8.435416020802222e-06,1.0
1071,0.05,7,4.0,True,5000,1.310731386183761e-05,1.0
1072,0.05,7,4.0,True,5000,1.2864800737588666e-05,1.0
1073,0.05,7,4.0,True,5000,3.690616267704172e-06,1.0
1074,0.05,7,4.0,True,5000,1.2642924957617652e-05,1.0
1075,0.05,7,4.0,True,5000,1.7611781004234217e-05,1.0
1076,0.05,7,4.0,True,5000,1.2812643035431392e-05,1.0
1077,0.05,7,4.0,True,5000,1.2068232535966672e-05,1.0
1078,0.05,8,3.0,True,5000,1.754490949679166e-05,1.0
1079,0.05,7,4.0,True,5000,2.057249912468251e-05,1.0
1080,0.05,7,4.0,True,5000,9.175601007882506e-06,1.0
1081,0.05,7,4.0,True,5000,1.0051822755485773e-05,1.0
1082,0.05,7,4.0,True,5000,9.687502824817784e-06,1.0
1083,0.05,7,4.0,True,5000,1.397239429934416e-05,1.0
1084,0.05,7,4.0,True,5000,1.4732557247043587e-05,1.0
1085,0.05,7,4.0,True,5000,1.834508657339029e-05,1.0
1086,0.05,7,4.0,True,5000,8.305504707095679e-06,1.0
1087,0.05,7,4.0,True,5000,1.6899455658858642e-05,1.0
1088,0.05,8,3.0,True,5000,8.718301614862867e-06,1.0
1089,0.05,9,2.0,True,5000,1.2256867194082588e-05,1.0
1090,0.05,7,4.0,True,5000,9.03254567674594e-06,1.0
1091,0.05,7,4.0,True,5000,2.7512101041793358e-06,1.0
1092,0.05,7,4.0,True,5000,4.514246938924771e-06,1.0
1093,0.05,7,4.0,True,5000,7.090481631166767e-06,1.0
1094,0.05,7,4.0,True,5000,3.2030045531428186e-06,1.0
1095,0.05,7,4.0,True,5000,5.522623723663855e-06,1.0
1096,0.05,7,4.0,True,5000,2.6455334591446444e-05,1.0
1097,0.05,7,4.0,True,5000,2.0249637600500137e-05,1.0
1098,0.05,7,4.0,True,5000,5.877063358639134e-06,1.0
1099,0.05,7,4.0,True,5000,1.7660684534348547e-05,1.0
1100,0.05,7,4.0,True,5000,9.27883775148075e-06,1.0
1101,0.05,7,4.0,True,5000,1.4874503904138692e-06,1.0
1102,0.05,7,4.0,True,5000,1.255808092537336e-05,1.0
1103,0.05,7,4.0,True,5000,4.469311079446925e-06,1.0
1104,0.05,7,4.0,True,5000,5.798814527224749e-06,1.0
1105,0.05,8,3.0,True,5000,1.8279415598954074e-05,1.0
1106,0.05,7,4.0,True,5000,3.792457164308871e-06,1.0
1107,0.05,9,2.0,True,5000,1.717869599815458e-05,1.0
1108,0.05,7,4.0,True,5000,1.2269294529687613e-05,1.0
1109,0.05,7,4.0,True,5000,2.06011191039579e-05,1.0
1110,0.05,7,4.0,True,5000,9.10868402570486e-06,1.0
1111,0.05,9,2.0,True,5000,8.637782229925506e-06,1.0
1112,0.05,7,4.0,True,5000,2.311907110197353e-06,1.0
1113,0.05,8,3.0,True,5000,6.349052000587108e-06,1.0
1114,0.05,8,3.0,True,5000,7.5352718340582214e-06,1.0
1115,0.05,7,4.0,True,5000,7.325649676204193e-06,1.0
1116,0.05,7,4.0,True,5000,1.1871293281728867e-05,1.0
1117,0.05,7,4.0,True,5000,8.95392440725118e-06,1.0
1118,0.05,7,4.0,True,5000,4.619256287696771e-06,1.0
1119,0.05,8,3.0,True,5000,4.51185587735381e-06,1.0
1120,0.05,7,4.0,True,5000,2.9159116365917725e-06,1.0
1121,0.05,7,4.0,True,5000,3.7631389204761945e-06,1.0
1122,0.05,7,4.0,True,5000,2.977175654450548e-06,1.0
1123,0.05,7,4.0,True,5000,2.6538725705904653e-06,1.0
1124,0.05,7,4.0,True,5000,1.5576546275042347e-06,1.0
1125,0.05,7,4.0,True,5000,1.8633620584296295e-06,1.0
1126,0.05,7,4.0,True,5000,8.893806807463989e-06,1.0
1127,0.05,7,4.0,True,5000,1.8460228830008418e-06,1.0
1128,0.05,7,4.0,True,5000,1.8621651634020964e-06,1.0
1129,0.05,7,4.0,True,5000,1.2444975254766177e-06,1.0
1130,0.05,9,2.0,True,5000,1.0616455483614118e-06,1.0
1131,0.05,7,4.0,True,5000,3.1469946861761855e-06,1.0
1132,0.05,7,4.0,True,5000,1.7368611224810593e-06,1.0
1133,0.05,7,4.0,True,5000,3.0290848371805623e-06,1.0
1134,0.05,7,4.0,True,5000,7.725634532107506e-06,1.0
1135,0.05,7,4.0,True,5000,3.5196487715438707e-06,1.0
1136,0.05,7,4.0,True,5000,6.74793909638538e-07,1.0
1137,0.05,7,4.0,True,5000,9.701800536277005e-07,1.0
1138,0.05,7,4.0,True,5000,1.2895026202386362e-06,1.0
1139,0.05,7,4.0,True,5000,6.071642246752162e-07,1.0
1140,0.05,9,2.0,True,5000,2.2470346721092938e-06,1.0
1141,0.05,8,3.0,True,5000,7.297189313248964e-06,1.0
1142,0.05,7,4.0,True,5000,5.838213382958202e-06,1.0
1143,0.05,7,4.0,True,5000,4.058832132614043e-07,1.0
1144,0.05,7,4.0,True,5000,8.102972515189322e-07,1.0
1145,0.05,7,4.0,True,5000,5.939121479059395e-07,1.0
1146,0.05,7,4.0,True,5000,1.5435268778674072e-06,1.0
1147,0.05,7,4.0,True,5000,1.1658462426566985e-06,1.0
1148,0.05,7,4.0,True,5000,1.3451862059810082e-06,1.0
1149,0.05,7,4.0,True,5000,7.164238013501745e-06,1.0
1150,0.05,7,4.0,True,5000,5.204225885790947e-07,1.0
1151,0.05,7,4.0,True,5000,9.066848178918008e-07,1.0
1152,0.05,7,4.0,True,5000,1.3944547561095533e-07,1.0
1153,0.05,7,4.0,True,5000,3.867656062084279e-07,1.0
1154,0.05,7,4.0,True,5000,1.0237253036393668e-06,1.0
1155,0.05,7,4.0,True,5000,2.3569123186462093e-07,1.0
1156,0.05,9,2.0,True,5000,1.3596876442534267e-06,1.0
1157,0.05,9,2.0,True,5000,8.533346544936649e-07,1.0
1158,0.05,8,3.0,True,5000,1.6846190931119054e-07,1.0
1159,0.05,7,4.0,True,5000,1.0347573606850347e-06,1.0
1160,0.05,8,3.0,True,5000,5.805305818284978e-07,1.0
1161,0.05,8,3.0,True,5000,1.1090382940892596e-06,1.0
1162,0.05,7,4.0,True,5000,1.0077812930830987e-06,1.0
1163,0.05,7,4.0,True,5000,2.590171334304614e-06,1.0
1164,0.05,7,4.0,True,5000,6.310046501312172e-06,1.0
1165,0.05,7,4.0,True,5000,8.438428267254494e-07,1.0
1166,0.05,11,0.0,True,5000,1.7480068663644488e-06,1.0
1167,0.05,7,4.0,True,5000,2.846848872195551e-07,1.0
1168,0.05,7,4.0,True,5000,2.2742227656635805e-07,1.0
1169,0.05,10,1.0,True,5000,3.967552402173169e-07,1.0
1170,0.05,7,4.0,True,5000,4.453244457636174e-07,1.0
1171,0.05,8,3.0,True,5000,4.7353855734399986e-06,1.0
1172,0.05,7,4.0,True,5000,1.7474924334237585e-06,1.0
1173,0.05,7,4.0,True,5000,5.666223387379432e-06,1.0
1174,0.05,8,3.0,True,5000,6.07938204666425e-07,1.0
1175,0.05,10,1.0,True,5000,3.3941319088626187e-06,1.0
1176,0.05,7,4.0,True,5000,1.4599348787669442e-06,1.0
1177,0.05,8,3.0,True,5000,7.527538627982722e-07,1.0
1178,0.05,10,1.0,True,5000,7.988963375282765e-07,1.0
1179,0.05,7,4.0,True,5000,8.995375537779182e-07,1.0
1180,0.05,7,4.0,True,5000,4.4464508164310246e-07,1.0
1181,0.05,7,4.0,True,5000,1.7851447182692937e-06,1.0
1182,0.05,9,2.0,True,5000,3.693701273732586e-07,1.0
1183,0.05,7,4.0,True,5000,3.440556611167267e-06,1.0
1184,0.05,11,0.0,True,5000,5.054100711276988e-07,1.0
1185,0.05,7,4.0,True,5000,3.4887156630247773e-07,1.0
1186,0.05,7,4.0,True,5000,7.360876566053776e-07,1.0
1187,0.05,7,4.0,True,5000,5.170572308088595e-07,1.0
1188,0.05,8,3.0,True,5000,5.712105917154986e-07,1.0
1189,0.05,7,4.0,True,5000,6.300701329564617e-07,1.0
1190,0.05,7,4.0,True,5000,8.861376272761845e-07,1.0
1191,0.05,7,4.0,True,5000,3.0689440677633684e-07,1.0
1192,0.05,7,4.0,True,5000,1.1677179827529471e-06,1.0
1193,0.05,7,4.0,True,5000,6.59942713809869e-07,1.0
1194,0.05,7,4.0,True,5000,1.0911533081525704e-06,1.0
1195,0.05,7,4.0,True,5000,9.407142442796612e-07,1.0
1196,0.05,7,4.0,True,5000,3.7324036838981556e-07,1.0
1197,0.05,9,2.0,True,5000,5.905724833610293e-07,1.0
1198,0.05,9,2.0,True,5000,3.179748659931647e-07,1.0
1199,0.05,7,4.0,True,5000,5.1292215630383e-07,1.0
1200,0.05,7,4.0,True,5000,8.283961960842134e-07,1.0
1201,0.05,9,2.0,True,5000,7.228145477711223e-07,1.0
1202,0.05,7,4.0,True,5000,2.2297533632809063e-06,1.0
1203,0.05,7,4.0,True,5000,4.126366093260003e-06,1.0
1204,0.05,8,3.0,True,5000,2.711399702093331e-06,1.0
1205,0.05,7,4.0,True,5000,2.7928283543587895e-06,1.0
1206,0.05,7,4.0,True,5000,1.9734354737011017e-06,1.0
1207,0.05,7,4.0,True,5000,3.0799799333181e-06,1.0
1208,0.05,8,3.0,True,5000,2.068354206130607e-06,1.0
1209,0.05,7,4.0,True,5000,3.0019189125596313e-06,1.0
1210,0.05,8,3.0,True,5000,4.733828973257914e-06,1.0
1211,0.05,7,4.0,True,5000,3.34161518367182e-06,1.0
1212,0.05,8,3.0,True,5000,4.325865575083299e-06,1.0
1213,0.05,7,4.0,True,5000,2.6603936476021772e-06,1.0
1214,0.05,7,4.0,True,5000,6.9244692895154e-06,1.0
1215,0.05,7,4.0,True,5000,4.054285000165692e-06,1.0
1216,0.05,10,1.0,True,5000,1.7089894754462875e-05,1.0
1217,0.05,7,4.0,True,5000,1.2964532288606279e-05,1.0
1218,0.05,7,4.0,True,5000,3.6274232115829363e-05,1.0
1219,0.05,8,3.0,True,5000,1.841324774431996e-05,1.0
1220,0.05,7,4.0,True,5000,6.585058872587979e-05,1.0
1221,0.05,7,4.0,True,5000,1.888318729470484e-05,1.0
1222,0.05,8,3.0,True,5000,0.00014459552767220885,1.0
1223,0.05,7,4.0,True,5000,2.1144882339285687e-05,1.0
1224,0.05,7,4.0,True,5000,6.710896559525281e-05,1.0
1225,0.05,7,4.0,True,5000,7.09278101567179e-05,1.0
1226,0.05,7,4.0,True,5000,7.675529923290014e-05,1.0
1227,0.05,8,3.0,True,5000,9.22274703043513e-05,1.0
1228,0.05,7,4.0,True,5000,0.00010871463018702343,1.0
1229,0.05,10,1.0,True,5000,0.00031183729879558086,1.0
1230,0.05,7,4.0,True,5000,0.000664475024677813,1.0
1231,0.05,7,4.0,True,5000,0.0007797206053510308,1.0
1232,0.05,7,4.0,True,5000,0.0007667210884392262,1.0
1233,0.05,9,2.0,True,5000,0.0019007327500730753,1.0
1234,0.05,8,3.0,True,5000,0.005430464632809162,1.0
1235,0.05,7,4.0,True,5000,0.0013024836080148816,1.0
1236,0.05,7,4.0,True,5000,0.014554327353835106,1.0
1237,0.05,9,2.0,True,5000,0.004856521729379892,1.0
1238,0.05,9,2.0,True,5000,0.001258028787560761,1.0
1239,0.05,7,4.0,True,5000,0.005845554172992706,1.0
1240,0.05,7,4.0,True,5000,0.0008294917643070221,1.0
1241,0.05,7,4.0,True,5000,0.003427942283451557,1.0
1242,0.05,7,4.0,True,5000,0.006584840826690197,1.0
1243,0.05,7,4.0,True,5000,0.0030023513827472925,1.0
1244,0.05,7,4.0,True,5000,0.007809569593518972,1.0
1245,0.05,8,3.0,True,5000,0.01773584634065628,1.0
1246,0.05,7,4.0,True,5000,0.007572243455797434,1.0
1247,0.05,7,4.0,True,5000,0.04392649233341217,1.0
1248,0.05,7,4.0,True,5000,0.007493116892874241,1.0
1249,0.05,8,3.0,True,5000,0.03372986614704132,1.0
1250,0.05,9,2.0,True,5000,0.023138197138905525,1.0
1251,0.05,7,4.0,True,5000,0.0762450098991394,1.0
1252,0.05,9,2.0,True,5000,0.02720499411225319,1.0
1253,0.05,7,4.0,True,5000,0.06355571746826172,1.0
1254,0.05,7,4.0,True,5000,0.021531907841563225,1.0
1255,0.05,7,4.0,True,5000,0.031060026958584785,1.0
1256,0.05,7,4.0,True,5000,0.007461403962224722,1.0
1257,0.05,7,4.0,True,5000,0.012823578901588917,1.0
1258,0.05,7,4.0,True,5000,0.01943834498524666,1.0
1259,0.05,9,2.0,True,5000,0.006284043658524752,1.0
1260,0.05,7,4.0,True,5000,0.02008407935500145,1.0
1261,0.05,7,4.0,True,5000,0.005689951125532389,1.0
1262,0.05,7,4.0,True,5000,0.004446126986294985,1.0
1263,0.05,7,4.0,True,5000,0.01452669594436884,1.0
1264,0.05,7,4.0,True,5000,0.0037974726874381304,1.0
1265,0.05,7,4.0,True,5000,0.010463920421898365,1.0
1266,0.05,7,4.0,True,5000,0.0077714500948786736,1.0
1267,0.05,7,4.0,True,5000,0.0021920292638242245,1.0
1268,0.05,7,4.0,True,5000,0.0027683954685926437,1.0
1269,0.05,7,4.0,True,5000,0.0016299744602292776,1.0
1270,0.05,7,4.0,True,5000,0.0036443197168409824,1.0
1271,0.05,7,4.0,True,5000,0.0052579594776034355,1.0
1272,0.05,7,4.0,True,5000,0.00850952323526144,1.0
1273,0.05,7,4.0,True,5000,0.004625416826456785,1.0
1274,0.05,7,4.0,True,5000,0.002199169946834445,1.0
1275,0.05,9,2.0,True,5000,0.003491682233288884,1.0
1276,0.05,7,4.0,True,5000,0.0010083237430080771,1.0
1277,0.05,7,4.0,True,5000,0.0034321495331823826,1.0
1278,0.05,8,3.0,True,5000,0.0009925984777510166,1.0
1279,0.05,9,2.0,True,5000,0.0005879292148165405,1.0
1280,0.05,7,4.0,True,5000,0.00037664728006348014,1.0
1281,0.05,7,4.0,True,5000,0.00048700839397497475,1.0
1282,0.05,7,4.0,True,5000,0.0005421164096333086,1.0
1283,0.05,7,4.0,True,5000,0.00038065973785705864,1.0
1284,0.05,7,4.0,True,5000,0.0011554858647286892,1.0
1285,0.05,9,2.0,True,5000,0.00030412146588787436,1.0
1286,0.05,7,4.0,True,5000,0.0024580094031989574,1.0
1287,0.05,7,4.0,True,5000,0.0005829064175486565,1.0
1288,0.05,9,2.0,True,5000,0.0029032558668404818,1.0
1289,0.05,8,3.0,True,5000,0.005341669544577599,1.0
1290,0.05,7,4.0,True,5000,0.001441953587345779,1.0
1291,0.05,8,3.0,True,5000,0.006867661140859127,1.0
1292,0.05,8,3.0,True,5000,0.008714833296835423,1.0
1293,0.05,8,3.0,True,5000,0.001391328522004187,1.0
1294,0.05,8,3.0,True,5000,0.002335288794711232,1.0
1295,0.05,9,2.0,True,5000,0.0007943434175103903,1.0
1296,0.05,7,4.0,True,5000,0.009736196137964725,1.0
1297,0.05,7,4.0,True,5000,0.001108794123865664,1.0
1298,0.05,9,2.0,True,5000,0.010868423618376255,1.0
1299,0.05,7,4.0,True,5000,0.001986613729968667,1.0
1300,0.05,8,3.0,True,5000,0.006220309063792229,1.0
1301,0.05,7,4.0,True,5000,0.002469732891768217,1.0
1302,0.05,7,4.0,True,5000,0.007787914946675301,1.0
1303,0.05,7,4.0,True,5000,0.0018873625667765737,1.0
1304,0.05,7,4.0,True,5000,0.016052205115556717,1.0
1305,0.05,7,4.0,True,5000,0.0034689384046941996,1.0
1306,0.05,7,4.0,True,5000,0.01040591299533844,1.0
1307,0.05,7,4.0,True,5000,0.018358688801527023,1.0
1308,0.05,9,2.0,True,5000,0.008811724372208118,1.0
1309,0.05,9,2.0,True,5000,0.01612008363008499,1.0
1310,0.05,9,2.0,True,5000,0.0023321136832237244,1.0
1311,0.05,7,4.0,True,5000,0.017726946622133255,1.0
1312,0.05,7,4.0,True,5000,0.001880425726994872,1.0
1313,0.05,7,4.0,True,5000,0.015059883706271648,1.0
1314,0.05,7,4.0,True,5000,0.0027109370566904545,1.0
1315,0.05,7,4.0,True,5000,0.012347825802862644,1.0
1316,0.05,7,4.0,True,5000,0.0023419831413775682,1.0
1317,0.05,7,4.0,True,5000,0.008439892902970314,1.0
1318,0.05,7,4.0,True,5000,0.0028035645373165607,1.0
1319,0.05,7,4.0,True,5000,0.0019733246881514788,1.0
1320,0.05,7,4.0,True,5000,0.003352395724505186,1.0
1321,0.05,9,2.0,True,5000,0.001454553217627108,1.0
1322,0.05,9,2.0,True,5000,0.004662380553781986,1.0
1323,0.05,9,2.0,True,5000,0.0016610376769676805,1.0
1324,0.05,10,1.0,True,5000,0.004496349953114986,1.0
1325,0.05,7,4.0,True,5000,0.006065180990844965,1.0
1326,0.05,7,4.0,True,5000,0.008314958773553371,1.0
1327,0.05,7,4.0,True,5000,0.0027359998784959316,1.0
1328,0.05,7,4.0,True,5000,0.004009351599961519,1.0
1329,0.05,7,4.0,True,5000,0.0008947098394855857,1.0
1330,0.05,7,4.0,True,5000,0.001694906153716147,1.0
1331,0.05,7,4.0,True,5000,0.0014909355668351054,1.0
1332,0.05,7,4.0,True,5000,0.0010501695796847343,1.0
1333,0.05,7,4.0,True,5000,0.003812176175415516,1.0
1334,0.05,7,4.0,True,5000,0.004586271476000547,1.0
1335,0.05,7,4.0,True,5000,0.00900075864046812,1.0
1336,0.05,8,3.0,True,5000,0.0017310886178165674,1.0
1337,0.05,7,4.0,True,5000,0.004774754401296377,1.0
1338,0.05,7,4.0,True,5000,0.0045897988602519035,1.0
1339,0.05,7,4.0,True,5000,0.004412140231579542,1.0
1340,0.05,7,4.0,True,5000,0.004078798461705446,1.0
1341,0.05,7,4.0,True,5000,0.002650481415912509,1.0
1342,0.05,7,4.0,True,5000,0.005557074677199125,1.0
1343,0.05,7,4.0,True,5000,0.002118160482496023,1.0
1344,0.05,7,4.0,True,5000,0.001860557240433991,1.0
1345,0.05,7,4.0,True,5000,0.0021344544366002083,1.0
1346,0.05,10,1.0,True,5000,0.0017635885160416365,1.0
1347,0.05,8,3.0,True,5000,0.0026163558941334486,1.0
1348,0.05,7,4.0,True,5000,0.0008903950802050531,1.0
1349,0.05,7,4.0,True,5000,0.004270053002983332,1.0
1350,0.05,7,4.0,True,5000,0.0009569045505486429,1.0
1351,0.05,7,4.0,True,5000,0.005225636065006256,1.0
1352,0.05,7,4.0,True,5000,0.0009226750116795301,1.0
1353,0.05,7,4.0,True,5000,0.005915332585573196,1.0
1354,0.05,7,4.0,True,5000,0.00147821509744972,1.0
1355,0.05,7,4.0,True,5000,0.008312728255987167,1.0
1356,0.05,7,4.0,True,5000,0.005336427129805088,1.0
1357,0.05,7,4.0,True,5000,0.00409470871090889,1.0
1358,0.05,7,4.0,True,5000,0.0015397092793136835,1.0
1359,0.05,7,4.0,True,5000,0.003858132753521204,1.0
1360,0.05,7,4.0,True,5000,0.0006992320995777845,1.0
1361,0.05,7,4.0,True,5000,0.00610034354031086,1.0
1362,0.05,8,3.0,True,5000,0.003708419157192111,1.0
1363,0.05,7,4.0,True,5000,0.009271791204810143,1.0
1364,0.05,7,4.0,True,5000,0.0031708520837128162,1.0
1365,0.05,9,2.0,True,5000,0.004144223406910896,1.0
1366,0.05,7,4.0,True,5000,0.004083934240043163,1.0
1367,0.05,7,4.0,True,5000,0.003239296842366457,1.0
1368,0.05,7,4.0,True,5000,0.00129471137188375,1.0
1369,0.05,7,4.0,True,5000,0.010487837716937065,1.0
1370,0.05,9,2.0,True,5000,0.0058132437989115715,1.0
1371,0.05,7,4.0,True,5000,0.0013800599845126271,1.0
1372,0.05,7,4.0,True,5000,0.004197356756776571,1.0
1373,0.05,9,2.0,True,5000,0.00531005347147584,1.0
1374,0.05,9,2.0,True,5000,0.002504839561879635,1.0
1375,0.05,9,2.0,True,5000,0.003207031637430191,1.0
1376,0.05,7,4.0,True,5000,0.006705686450004578,1.0
1377,0.05,7,4.0,True,5000,0.012141654267907143,1.0
1378,0.05,10,1.0,True,5000,0.014653240330517292,1.0
1379,0.05,8,3.0,True,5000,0.007420954294502735,1.0
1380,0.05,7,4.0,True,5000,0.051533717662096024,1.0
1381,0.05,7,4.0,True,5000,0.0058015878312289715,1.0
1382,0.05,7,4.0,True,5000,0.023853987455368042,1.0
1383,0.05,7,4.0,True,5000,0.020043767988681793,1.0
1384,0.05,9,2.0,True,5000,0.023484986275434494,1.0
1385,0.05,7,4.0,True,5000,0.017550989985466003,1.0
1386,0.05,7,4.0,True,5000,0.014393667690455914,1.0
1387,0.05,7,4.0,True,5000,0.05174550414085388,1.0
1388,0.05,7,4.0,True,5000,0.010965884663164616,1.0
1389,0.05,9,2.0,True,5000,0.02879822999238968,1.0
1390,0.05,7,4.0,True,5000,0.010214035399258137,1.0
1391,0.05,7,4.0,True,5000,0.029366804286837578,1.0
1392,0.05,9,2.0,True,5000,0.00646243616938591,1.0
1393,0.05,7,4.0,True,5000,0.03091631457209587,1.0
1394,0.05,7,4.0,True,5000,0.009174754843115807,1.0
1395,0.05,7,4.0,True,5000,0.006689980160444975,1.0
1396,0.05,7,4.0,True,5000,0.0037075942382216454,1.0
1397,0.05,7,4.0,True,5000,0.0012228696141391993,1.0
1398,0.05,7,4.0,True,5000,0.0036770584993064404,1.0
1399,0.05,7,4.0,True,5000,0.0009607686661183834,1.0
1400,0.05,7,4.0,True,5000,0.0018936529522761703,1.0
1401,0.05,9,2.0,True,5000,0.000719425966963172,1.0
1402,0.05,7,4.0,True,5000,0.0018465197645127773,1.0
1403,0.05,7,4.0,True,5000,0.0009472366655245423,1.0
1404,0.05,7,4.0,True,5000,0.0038003004156053066,1.0
1405,0.05,7,4.0,True,5000,0.000963436090387404,1.0
1406,0.05,8,3.0,True,5000,0.00411228509619832,1.0
1407,0.05,7,4.0,True,5000,0.0005761247593909502,1.0
1408,0.05,7,4.0,True,5000,0.0009642909280955791,1.0
1409,0.05,9,2.0,True,5000,0.0017980034463107586,1.0
1410,0.05,7,4.0,True,5000,0.0020296932198107243,1.0
1411,0.05,7,4.0,True,5000,0.003713935846462846,1.0
1412,0.05,7,4.0,True,5000,0.001289423555135727,1.0
1413,0.05,7,4.0,True,5000,0.0015582552878186107,1.0
1414,0.05,7,4.0,True,5000,0.000749359664041549,1.0
1415,0.05,7,4.0,True,5000,0.0005475206999108195,1.0
1416,0.05,7,4.0,True,5000,0.0007489626295864582,1.0
1417,0.05,7,4.0,True,5000,0.0005468965391628444,1.0
1418,0.05,7,4.0,True,5000,0.0005995025276206434,1.0
1419,0.05,7,4.0,True,5000,0.002278517233207822,1.0
1420,0.05,7,4.0,True,5000,0.00041656673420220613,1.0
1421,0.05,7,4.0,True,5000,0.002703592646867037,1.0
1422,0.05,7,4.0,True,5000,0.0005235469434410334,1.0
1423,0.05,9,2.0,True,5000,0.0018099412554875016,1.0
1424,0.05,7,4.0,True,5000,0.0011054306523874402,1.0
1425,0.05,9,2.0,True,5000,0.001849522814154625,1.0
1426,0.05,7,4.0,True,5000,0.004344669170677662,1.0
1427,0.05,7,4.0,True,5000,0.0017404461978003383,1.0
1428,0.05,7,4.0,True,5000,0.0027335891500115395,1.0
1429,0.05,7,4.0,True,5000,0.0008039256790652871,1.0
1430,0.05,7,4.0,True,5000,0.006597393658012152,1.0
1431,0.05,7,4.0,True,5000,0.001285400241613388,1.0
1432,0.05,7,4.0,True,5000,0.0024559656158089638,1.0
1433,0.05,7,4.0,True,5000,0.0017965706065297127,1.0
1434,0.05,7,4.0,True,5000,0.00040549610275775194,1.0
1435,0.05,7,4.0,True,5000,0.0006421807920560241,1.0
1436,0.05,7,4.0,True,5000,0.0002333667071070522,1.0
1437,0.05,7,4.0,True,5000,0.00020949252939317375,1.0
1438,0.05,7,4.0,True,5000,0.0005593397654592991,1.0
1439,0.05,7,4.0,True,5000,0.00037793212686665356,1.0
1440,0.05,7,4.0,True,5000,0.003109365701675415,1.0
1441,0.05,7,4.0,True,5000,0.000586707959882915,1.0
1442,0.05,7,4.0,True,5000,0.003290429711341858,1.0
1443,0.05,7,4.0,True,5000,0.0009651076979935169,1.0
1444,0.05,7,4.0,True,5000,0.0017922561382874846,1.0
1445,0.05,7,4.0,True,5000,0.0020512756891548634,1.0
1446,0.05,7,4.0,True,5000,0.001131495926529169,1.0
1447,0.05,7,4.0,True,5000,0.008490988053381443,1.0
1448,0.05,7,4.0,True,5000,0.00250319205224514,1.0
1449,0.05,7,4.0,True,5000,0.006884420290589333,1.0
1450,0.05,7,4.0,True,5000,0.004361886065453291,1.0
1451,0.05,7,4.0,True,5000,0.002696041017770767,1.0
1452,0.05,7,4.0,True,5000,0.0073142577894032,1.0
1453,0.05,7,4.0,True,5000,0.001345630967989564,1.0
1454,0.05,9,2.0,True,5000,0.008080415427684784,1.0
1455,0.05,8,3.0,True,5000,0.0038103878032416105,1.0
1456,0.05,7,4.0,True,5000,0.0028265772853046656,1.0
1457,0.05,7,4.0,True,5000,0.00607260363176465,1.0
1458,0.05,8,3.0,True,5000,0.002519320696592331,1.0
1459,0.05,7,4.0,True,5000,0.003170265117660165,1.0
1460,0.05,2,-11.0,False,5000,0.0028798424173146486,0.99
1461,0.05,7,4.0,True,5000,0.002210915321484208,0.99
1462,0.05,7,4.0,True,5000,0.008750177919864655,0.99
1463,0.05,7,4.0,True,5000,0.001885412260890007,0.99
1464,0.05,7,4.0,True,5000,0.008533055894076824,0.99
1465,0.05,9,2.0,True,5000,0.003804341657087207,0.99
1466,0.05,7,4.0,True,5000,0.00816887803375721,0.99
1467,0.05,7,4.0,True,5000,0.0036974402610212564,0.99
1468,0.05,7,4.0,True,5000,0.00927012600004673,0.99
1469,0.05,7,4.0,True,5000,0.00371190020814538,0.99
1470,0.05,7,4.0,True,5000,0.018668215721845627,0.99
1471,0.05,9,2.0,True,5000,0.0061324890702962875,0.99
1472,0.05,7,4.0,True,5000,0.0140861039981246,0.99
1473,0.05,7,4.0,True,5000,0.0031815683469176292,0.99
1474,0.05,7,4.0,True,5000,0.015599159523844719,0.99
1475,0.05,7,4.0,True,5000,0.009921561926603317,0.99
1476,0.05,7,4.0,True,5000,0.03179918974637985,0.99
1477,0.05,7,4.0,True,5000,0.004961006809026003,0.99
1478,0.05,7,4.0,True,5000,0.03475906699895859,0.99
1479,0.05,9,2.0,True,5000,0.008751731365919113,0.99
1480,0.05,7,4.0,True,5000,0.01698271557688713,0.99
1481,0.05,8,3.0,True,5000,0.0029747975058853626,0.99
1482,0.05,7,4.0,True,5000,0.01987137272953987,0.99
1483,0.05,8,3.0,True,5000,0.01249404065310955,0.99
1484,0.05,2,-11.0,False,5000,0.013164900243282318,0.98
1485,0.05,7,4.0,True,5000,0.0076875099912285805,0.98
1486,0.05,9,2.0,True,5000,0.0037357325199991465,0.98
1487,0.05,7,4.0,True,5000,0.012905866838991642,0.98
1488,0.05,7,4.0,True,5000,0.0020337228197604418,0.98
1489,0.05,7,4.0,True,5000,0.02576136775314808,0.98
1490,0.05,9,2.0,True,5000,0.005799302831292152,0.98
1491,0.05,7,4.0,True,5000,0.043547358363866806,0.98
1492,0.05,7,4.0,True,5000,0.01222031656652689,0.98
1493,0.05,7,4.0,True,5000,0.030090540647506714,0.98
1494,0.05,9,2.0,True,5000,0.005639057140797377,0.98
1495,0.05,7,4.0,True,5000,0.02412385679781437,0.98
1496,0.05,7,4.0,True,5000,0.015354202128946781,0.98
1497,0.05,7,4.0,True,5000,0.02621850185096264,0.98
1498,0.05,8,3.0,True,5000,0.03624281659722328,0.98
1499,0.05,7,4.0,True,5000,0.025184033438563347,0.98
1500,0.05,7,4.0,True,5000,0.049806538969278336,0.98
